0,1,2,3,4,Label
624.0,0.0,0.0,0.0,0.0,0
468.0,0.0,0.0,0.0,-0.25,0
832.0,0.0,0.0,0.0,0.7777777777777777,0
468.0,0.0,0.0,0.0,-0.4375,0
832.0,0.0,0.0,0.0,0.7777777777777777,0
468.0,0.0,0.0,0.0,-0.4375,0
832.0,0.0,0.0,0.0,0.7777777777777777,0
468.0,0.0,0.0,0.0,-0.4375,0
832.0,0.0,0.0,0.0,0.7777777777777777,0
468.0,0.0,0.0,0.0,-0.4375,0
832.0,0.0,0.0,0.0,0.7777777777777777,0
468.0,0.0,0.0,0.0,-0.4375,0
832.0,0.0,0.0,0.0,0.7777777777777777,0
468.0,0.0,0.0,0.0,-0.4375,0
832.0,0.0,0.0,0.0,0.7777777777777777,0
468.0,0.0,0.0,0.0,-0.4375,0
832.0,0.0,0.0,0.0,0.7777777777777777,0
468.0,0.0,0.0,0.0,-0.4375,0
832.0,0.0,0.0,0.0,0.7777777777777777,0
468.0,0.0,0.0,0.0,-0.4375,0
832.0,0.0,0.0,0.0,0.7777777777777777,0
468.0,0.0,0.0,0.0,-0.4375,0
832.0,0.0,0.0,0.0,0.7777777777777777,0
468.0,0.0,0.0,0.0,-0.4375,0
832.0,0.0,0.0,0.0,0.7777777777777777,0
468.0,0.0,0.0,0.0,-0.4375,0
832.0,0.0,0.0,0.0,0.7777777777777777,0
468.0,0.0,0.0,0.0,-0.4375,0
832.0,0.0,0.0,0.0,0.7777777777777777,0
468.0,0.0,0.0,0.0,-0.4375,0
832.0,0.0,0.0,0.0,0.7777777777777777,0
468.0,0.0,0.0,0.0,-0.4375,0
832.0,0.0,0.0,0.0,0.7777777777777777,0
468.0,0.0,0.0,0.0,-0.4375,0
832.0,0.0,0.0,0.0,0.7777777777777777,0
468.0,0.0,0.0,0.0,-0.4375,0
832.0,0.0,0.0,0.0,0.7777777777777777,0
468.0,0.0,0.0,0.0,-0.4375,0
832.0,0.0,0.0,0.0,0.7777777777777777,0
468.0,0.0,0.0,0.0,-0.4375,0
832.0,0.0,0.0,0.0,0.7777777777777777,0
468.0,0.0,0.0,0.0,-0.4375,0
832.0,0.0,0.0,0.0,0.7777777777777777,0
468.0,0.0,0.0,0.0,-0.4375,0
832.0,0.0,0.0,0.0,0.7777777777777777,0
468.0,0.0,0.0,0.0,-0.4375,0
832.0,0.0,0.0,0.0,0.7777777777777777,0
468.0,0.0,0.0,0.0,-0.4375,0
832.0,0.0,0.0,0.0,0.7777777777777777,0
468.0,0.0,0.0,0.0,-0.4375,0
832.0,0.0,0.0,0.0,0.7777777777777777,0
468.0,0.0,0.0,0.0,-0.4375,0
832.0,0.0,0.0,0.0,0.7777777777777777,0
468.0,0.0,0.0,0.0,-0.4375,0
832.0,0.0,0.0,0.0,0.7777777777777777,0
468.0,0.0,0.0,0.0,-0.4375,0
832.0,0.0,0.0,0.0,0.7777777777777777,0
468.0,0.0,0.0,0.0,-0.4375,0
832.0,0.0,0.0,0.0,0.7777777777777777,0
468.0,0.0,0.0,0.0,-0.4375,0
832.0,0.0,0.0,0.0,0.7777777777777777,0
468.0,0.0,0.0,0.0,-0.4375,0
832.0,0.0,0.0,0.0,0.7777777777777777,0
468.0,0.0,0.0,0.0,-0.4375,0
832.0,0.0,0.0,0.0,0.7777777777777777,0
468.0,0.0,0.0,0.0,-0.4375,0
832.0,0.0,0.0,0.0,0.7777777777777777,0
468.0,0.0,0.0,0.0,-0.4375,0
832.0,0.0,0.0,0.0,0.7777777777777777,0
468.0,0.0,0.0,0.0,-0.4375,0
832.0,0.0,0.0,0.0,0.7777777777777777,0
468.0,0.0,0.0,0.0,-0.4375,0
832.0,0.0,0.0,0.0,0.7777777777777777,0
468.0,0.0,0.0,0.0,-0.4375,0
832.0,0.0,0.0,0.0,0.7777777777777777,0
468.0,0.0,0.0,0.0,-0.4375,0
832.0,0.0,0.0,0.0,0.7777777777777777,0
468.0,0.0,0.0,0.0,-0.4375,0
832.0,0.0,0.0,0.0,0.7777777777777777,0
468.0,0.0,0.0,0.0,-0.4375,0
832.0,0.0,0.0,0.0,0.7777777777777777,0
468.0,0.0,0.0,0.0,-0.4375,0
832.0,0.0,0.0,0.0,0.7777777777777777,0
468.0,0.0,0.0,0.0,-0.4375,0
832.0,0.0,0.0,0.0,0.7777777777777777,0
468.0,0.0,0.0,0.0,-0.4375,0
832.0,0.0,0.0,0.0,0.7777777777777777,0
468.0,0.0,0.0,0.0,-0.4375,0
832.0,0.0,0.0,0.0,0.7777777777777777,0
468.0,0.0,0.0,0.0,-0.4375,0
832.0,0.0,0.0,0.0,0.7777777777777777,0
468.0,0.0,0.0,0.0,-0.4375,0
832.0,0.0,0.0,0.0,0.7777777777777777,0
468.0,0.0,0.0,0.0,-0.4375,0
832.0,0.0,0.0,0.0,0.7777777777777777,0
468.0,0.0,0.0,0.0,-0.4375,0
832.0,0.0,0.0,0.0,0.7777777777777777,0
468.0,0.0,0.0,0.0,-0.4375,0
832.0,0.0,0.0,0.0,0.7777777777777777,0
468.0,0.0,0.0,0.0,-0.4375,0
832.0,0.0,0.0,0.0,0.7777777777777777,0
468.0,0.0,0.0,0.0,-0.4375,0
832.0,0.0,0.0,0.0,0.7777777777777777,0
468.0,0.0,0.0,0.0,-0.4375,0
832.0,0.0,0.0,0.0,0.7777777777777777,0
468.0,0.0,0.0,0.0,-0.4375,0
832.0,0.0,0.0,0.0,0.7777777777777777,0
468.0,0.0,0.0,0.0,-0.4375,0
832.0,0.0,0.0,0.0,0.7777777777777777,0
468.0,0.0,0.0,0.0,-0.4375,0
832.0,0.0,0.0,0.0,0.7777777777777777,0
468.0,0.0,0.0,0.0,-0.4375,0
832.0,0.0,0.0,0.0,0.7777777777777777,0
468.0,0.0,0.0,0.0,-0.4375,0
832.0,0.0,0.0,0.0,0.7777777777777777,0
468.0,0.0,0.0,0.0,-0.4375,0
832.0,0.0,0.0,0.0,0.7777777777777777,0
468.0,0.0,0.0,0.0,-0.4375,0
832.0,0.0,0.0,0.0,0.7777777777777777,0
468.0,0.0,0.0,0.0,-0.4375,0
832.0,0.0,0.0,0.0,0.7777777777777777,0
468.0,0.0,0.0,0.0,-0.4375,0
832.0,0.0,0.0,0.0,0.7777777777777777,0
468.0,0.0,0.0,0.0,-0.4375,0
832.0,0.0,0.0,0.0,0.7777777777777777,0
468.0,0.0,0.0,0.0,-0.4375,0
832.0,0.0,0.0,0.0,0.7777777777777777,0
468.0,0.0,0.0,0.0,-0.4375,0
832.0,0.0,0.0,0.0,0.7777777777777777,0
468.0,0.0,0.0,0.0,-0.4375,0
808.0,0.0,0.0,0.0,0.7264957264957266,0
492.0,0.0,0.0,0.0,-0.3910891089108911,0
790.0,0.0,0.0,0.0,0.6056910569105691,0
510.0,0.0,0.0,0.0,-0.35443037974683544,0
754.0,0.0,0.0,0.0,0.4784313725490197,0
546.0,0.0,0.0,0.0,-0.27586206896551724,0
754.0,0.0,0.0,0.0,0.38095238095238093,0
546.0,0.0,0.0,0.0,-0.27586206896551724,0
754.0,0.0,0.0,0.0,0.38095238095238093,0
546.0,0.0,0.0,0.0,-0.27586206896551724,0
754.0,0.0,0.0,0.0,0.38095238095238093,0
546.0,0.0,0.0,0.0,-0.27586206896551724,0
738.0,0.0,0.0,0.0,0.35164835164835173,0
562.0,0.0,0.0,0.0,-0.2384823848238482,0
728.0,0.0,0.0,0.0,0.2953736654804271,0
572.0,0.0,0.0,0.0,-0.2142857142857143,0
728.0,0.0,0.0,0.0,0.2727272727272727,0
572.0,0.0,0.0,0.0,-0.2142857142857143,0
720.0,0.0,0.0,0.0,0.25874125874125875,0
580.0,0.0,0.0,0.0,-0.19444444444444442,0
682.0,0.0,0.0,0.0,0.17586206896551726,0
618.0,0.0,0.0,0.0,-0.09384164222873903,0
651.0,0.0,0.0,0.0,0.05339805825242716,0
649.0,0.0,0.0,0.0,-0.003072196620583667,0
610.0,0.0,0.0,0.0,-0.06009244992295837,0
690.0,0.0,0.0,0.0,0.13114754098360648,0
572.0,0.0,0.0,0.0,-0.17101449275362324,0
728.0,0.0,0.0,0.0,0.2727272727272727,0
572.0,0.0,0.0,0.0,-0.2142857142857143,0
728.0,0.0,0.0,0.0,0.2727272727272727,0
572.0,0.0,0.0,0.0,-0.2142857142857143,0
728.0,0.0,0.0,0.0,0.2727272727272727,0
572.0,0.0,0.0,0.0,-0.2142857142857143,0
728.0,0.0,0.0,0.0,0.2727272727272727,0
572.0,0.0,0.0,0.0,-0.2142857142857143,0
728.0,0.0,0.0,0.0,0.2727272727272727,0
572.0,0.0,0.0,0.0,-0.2142857142857143,0
728.0,0.0,0.0,0.0,0.2727272727272727,0
572.0,0.0,0.0,0.0,-0.2142857142857143,0
728.0,0.0,0.0,0.0,0.2727272727272727,0
572.0,0.0,0.0,0.0,-0.2142857142857143,0
728.0,0.0,0.0,0.0,0.2727272727272727,0
572.0,0.0,0.0,0.0,-0.2142857142857143,0
728.0,0.0,0.0,0.0,0.2727272727272727,0
572.0,0.0,0.0,0.0,-0.2142857142857143,0
728.0,0.0,0.0,0.0,0.2727272727272727,0
564.0,0.0,0.0,0.0,-0.22527472527472525,0
736.0,0.0,0.0,0.0,0.3049645390070923,0
546.0,0.0,0.0,0.0,-0.25815217391304346,0
754.0,0.0,0.0,0.0,0.38095238095238093,0
546.0,0.0,0.0,0.0,-0.27586206896551724,0
754.0,0.0,0.0,0.0,0.38095238095238093,0
546.0,0.0,0.0,0.0,-0.27586206896551724,0
754.0,0.0,0.0,0.0,0.38095238095238093,0
546.0,0.0,0.0,0.0,-0.27586206896551724,0
754.0,0.0,0.0,0.0,0.38095238095238093,0
546.0,0.0,0.0,0.0,-0.27586206896551724,0
754.0,0.0,0.0,0.0,0.38095238095238093,0
546.0,0.0,0.0,0.0,-0.27586206896551724,0
754.0,0.0,0.0,0.0,0.38095238095238093,0
546.0,0.0,0.0,0.0,-0.27586206896551724,0
754.0,0.0,0.0,0.0,0.38095238095238093,0
522.0,0.0,0.0,0.0,-0.3076923076923077,0
778.0,0.0,0.0,0.0,0.49042145593869724,0
520.0,0.0,0.0,0.0,-0.3316195372750642,0
780.0,0.0,0.0,0.0,0.5,0
520.0,0.0,0.0,0.0,-0.33333333333333337,0
780.0,0.0,0.0,0.0,0.5,0
520.0,0.0,0.0,0.0,-0.33333333333333337,0
780.0,0.0,0.0,0.0,0.5,0
504.0,0.0,0.0,0.0,-0.3538461538461538,0
796.0,0.0,0.0,0.0,0.5793650793650793,0
486.0,0.0,0.0,0.0,-0.3894472361809045,0
814.0,0.0,0.0,0.0,0.6748971193415638,0
468.0,0.0,0.0,0.0,-0.4250614250614251,0
832.0,0.0,0.0,0.0,0.7777777777777777,0
468.0,0.0,0.0,0.0,-0.4375,0
832.0,0.0,0.0,0.0,0.7777777777777777,0
468.0,0.0,0.0,0.0,-0.4375,0
832.0,0.0,0.0,0.0,0.7777777777777777,0
468.0,0.0,0.0,0.0,-0.4375,0
832.0,0.0,0.0,0.0,0.7777777777777777,0
468.0,0.0,0.0,0.0,-0.4375,0
832.0,0.0,0.0,0.0,0.7777777777777777,0
468.0,0.0,0.0,0.0,-0.4375,0
832.0,0.0,0.0,0.0,0.7777777777777777,0
468.0,0.0,0.0,0.0,-0.4375,0
832.0,0.0,0.0,0.0,0.7777777777777777,0
468.0,0.0,0.0,0.0,-0.4375,0
832.0,0.0,0.0,0.0,0.7777777777777777,0
468.0,0.0,0.0,0.0,-0.4375,0
832.0,0.0,0.0,0.0,0.7777777777777777,0
468.0,0.0,0.0,0.0,-0.4375,0
832.0,0.0,0.0,0.0,0.7777777777777777,0
468.0,0.0,0.0,0.0,-0.4375,0
832.0,0.0,0.0,0.0,0.7777777777777777,0
468.0,0.0,0.0,0.0,-0.4375,0
832.0,0.0,0.0,0.0,0.7777777777777777,0
468.0,0.0,0.0,0.0,-0.4375,0
832.0,0.0,0.0,0.0,0.7777777777777777,0
468.0,0.0,0.0,0.0,-0.4375,0
832.0,0.0,0.0,0.0,0.7777777777777777,0
468.0,0.0,0.0,0.0,-0.4375,0
832.0,0.0,0.0,0.0,0.7777777777777777,0
468.0,0.0,0.0,0.0,-0.4375,0
832.0,0.0,0.0,0.0,0.7777777777777777,0
468.0,0.0,0.0,0.0,-0.4375,0
832.0,0.0,0.0,0.0,0.7777777777777777,0
468.0,0.0,0.0,0.0,-0.4375,0
832.0,0.0,0.0,0.0,0.7777777777777777,0
468.0,0.0,0.0,0.0,-0.4375,0
832.0,0.0,0.0,0.0,0.7777777777777777,0
468.0,0.0,0.0,0.0,-0.4375,0
832.0,0.0,0.0,0.0,0.7777777777777777,0
468.0,0.0,0.0,0.0,-0.4375,0
832.0,0.0,0.0,0.0,0.7777777777777777,0
468.0,0.0,0.0,0.0,-0.4375,0
832.0,0.0,0.0,0.0,0.7777777777777777,0
468.0,0.0,0.0,0.0,-0.4375,0
832.0,0.0,0.0,0.0,0.7777777777777777,0
468.0,0.0,0.0,0.0,-0.4375,0
832.0,0.0,0.0,0.0,0.7777777777777777,0
468.0,0.0,0.0,0.0,-0.4375,0
832.0,0.0,0.0,0.0,0.7777777777777777,0
468.0,0.0,0.0,0.0,-0.4375,0
832.0,0.0,0.0,0.0,0.7777777777777777,0
468.0,0.0,0.0,0.0,-0.4375,0
832.0,0.0,0.0,0.0,0.7777777777777777,0
468.0,0.0,0.0,0.0,-0.4375,0
832.0,0.0,0.0,0.0,0.7777777777777777,0
468.0,0.0,0.0,0.0,-0.4375,0
832.0,0.0,0.0,0.0,0.7777777777777777,0
468.0,0.0,0.0,0.0,-0.4375,0
832.0,0.0,0.0,0.0,0.7777777777777777,0
468.0,0.0,0.0,0.0,-0.4375,0
832.0,0.0,0.0,0.0,0.7777777777777777,0
468.0,0.0,0.0,0.0,-0.4375,0
832.0,0.0,0.0,0.0,0.7777777777777777,0
468.0,0.0,0.0,0.0,-0.4375,0
832.0,0.0,0.0,0.0,0.7777777777777777,0
468.0,0.0,0.0,0.0,-0.4375,0
832.0,0.0,0.0,0.0,0.7777777777777777,0
468.0,0.0,0.0,0.0,-0.4375,0
832.0,0.0,0.0,0.0,0.7777777777777777,0
468.0,0.0,0.0,0.0,-0.4375,0
832.0,0.0,0.0,0.0,0.7777777777777777,0
468.0,0.0,0.0,0.0,-0.4375,0
832.0,0.0,0.0,0.0,0.7777777777777777,0
468.0,0.0,0.0,0.0,-0.4375,0
832.0,0.0,0.0,0.0,0.7777777777777777,0
468.0,0.0,0.0,0.0,-0.4375,0
832.0,0.0,0.0,0.0,0.7777777777777777,0
468.0,0.0,0.0,0.0,-0.4375,0
832.0,0.0,0.0,0.0,0.7777777777777777,0
468.0,0.0,0.0,0.0,-0.4375,0
832.0,0.0,0.0,0.0,0.7777777777777777,0
468.0,0.0,0.0,0.0,-0.4375,0
832.0,0.0,0.0,0.0,0.7777777777777777,0
468.0,0.0,0.0,0.0,-0.4375,0
832.0,0.0,0.0,0.0,0.7777777777777777,0
468.0,0.0,0.0,0.0,-0.4375,0
832.0,0.0,0.0,0.0,0.7777777777777777,0
468.0,0.0,0.0,0.0,-0.4375,0
832.0,0.0,0.0,0.0,0.7777777777777777,0
468.0,0.0,0.0,0.0,-0.4375,0
832.0,0.0,0.0,0.0,0.7777777777777777,0
468.0,0.0,0.0,0.0,-0.4375,0
832.0,0.0,0.0,0.0,0.7777777777777777,0
468.0,0.0,0.0,0.0,-0.4375,0
832.0,0.0,0.0,0.0,0.7777777777777777,0
468.0,0.0,0.0,0.0,-0.4375,0
832.0,0.0,0.0,0.0,0.7777777777777777,0
468.0,0.0,0.0,0.0,-0.4375,0
832.0,0.0,0.0,0.0,0.7777777777777777,0
468.0,0.0,0.0,0.0,-0.4375,0
832.0,0.0,0.0,0.0,0.7777777777777777,0
468.0,0.0,0.0,0.0,-0.4375,0
832.0,0.0,0.0,0.0,0.7777777777777777,0
468.0,0.0,0.0,0.0,-0.4375,0
832.0,0.0,0.0,0.0,0.7777777777777777,0
468.0,0.0,0.0,0.0,-0.4375,0
832.0,0.0,0.0,0.0,0.7777777777777777,0
468.0,0.0,0.0,0.0,-0.4375,0
832.0,0.0,0.0,0.0,0.7777777777777777,0
468.0,0.0,0.0,0.0,-0.4375,0
832.0,0.0,0.0,0.0,0.7777777777777777,0
460.0,0.0,0.0,0.0,-0.4471153846153846,0
840.0,0.0,0.0,0.0,0.826086956521739,0
418.0,0.0,0.0,0.0,-0.5023809523809524,0
882.0,0.0,0.0,0.0,1.1100478468899522,0
374.0,0.0,0.0,0.0,-0.5759637188208617,0
926.0,0.0,0.0,0.0,1.4759358288770055,0
364.0,0.0,0.0,0.0,-0.6069114470842333,0
936.0,0.0,0.0,0.0,1.5714285714285716,0
364.0,0.0,0.0,0.0,-0.6111111111111112,0
936.0,0.0,0.0,0.0,1.5714285714285716,0
364.0,0.0,0.0,0.0,-0.6111111111111112,0
936.0,0.0,0.0,0.0,1.5714285714285716,0
364.0,0.0,0.0,0.0,-0.6111111111111112,0
936.0,0.0,0.0,0.0,1.5714285714285716,0
356.0,0.0,0.0,0.0,-0.6196581196581197,0
944.0,0.0,0.0,0.0,1.6516853932584268,0
338.0,0.0,0.0,0.0,-0.6419491525423728,0
962.0,0.0,0.0,0.0,1.8461538461538463,0
314.0,0.0,0.0,0.0,-0.6735966735966736,0
986.0,0.0,0.0,0.0,2.140127388535032,0
312.0,0.0,0.0,0.0,-0.6835699797160244,0
988.0,0.0,0.0,0.0,2.1666666666666665,0
312.0,0.0,0.0,0.0,-0.6842105263157895,0
988.0,0.0,0.0,0.0,2.1666666666666665,0
304.0,0.0,0.0,0.0,-0.6923076923076923,0
996.0,0.0,0.0,0.0,2.276315789473684,0
286.0,0.0,0.0,0.0,-0.7128514056224899,0
1014.0,0.0,0.0,0.0,2.5454545454545454,0
286.0,0.0,0.0,0.0,-0.717948717948718,0
1014.0,0.0,0.0,0.0,2.5454545454545454,0
277.0,0.0,0.0,0.0,-0.7268244575936884,0
1023.0,0.0,0.0,0.0,2.693140794223827,0
260.0,0.0,0.0,0.0,-0.7458455522971652,0
1040.0,0.0,0.0,0.0,3.0,0
245.0,0.0,0.0,0.0,-0.7644230769230769,0
1055.0,0.0,0.0,0.0,3.3061224489795915,0
215.0,0.0,0.0,0.0,-0.7962085308056872,0
1085.0,0.0,0.0,0.0,4.046511627906977,0
208.0,0.0,0.0,0.0,-0.808294930875576,0
1092.0,0.0,0.0,0.0,4.25,0
208.0,0.0,0.0,0.0,-0.8095238095238095,0
1076.0,0.0,0.0,0.0,4.173076923076923,0
200.0,0.0,0.0,0.0,-0.8141263940520447,0
1066.0,0.0,0.0,0.0,4.33,0
232.0,0.0,0.0,0.0,-0.7823639774859287,0
1066.0,0.0,0.0,0.0,3.594827586206897,0
218.0,0.0,0.0,0.0,-0.7954971857410882,0
1082.0,0.0,0.0,0.0,3.963302752293578,0
200.0,0.0,0.0,0.0,-0.8151571164510166,0
1100.0,0.0,0.0,0.0,4.5,0
174.0,0.0,0.0,0.0,-0.8418181818181818,0
1126.0,0.0,0.0,0.0,5.471264367816092,0
156.0,0.0,0.0,0.0,-0.8614564831261101,0
1121.0,0.0,0.0,0.0,6.185897435897436,0
179.0,0.0,0.0,0.0,-0.840321141837645,0
1046.0,0.0,0.0,0.0,4.843575418994414,0
254.0,0.0,0.0,0.0,-0.75717017208413,0
1040.0,0.0,0.0,0.0,3.094488188976378,0
260.0,0.0,0.0,0.0,-0.75,0
1031.0,0.0,0.0,0.0,2.9653846153846155,0
269.0,0.0,0.0,0.0,-0.7390882638215325,0
995.0,0.0,0.0,0.0,2.6988847583643123,0
274.0,0.0,0.0,0.0,-0.7246231155778895,0
1019.0,0.0,0.0,0.0,2.718978102189781,0
236.0,0.0,0.0,0.0,-0.7684003925417076,0
1056.0,0.0,0.0,0.0,3.4745762711864403,0
216.0,0.0,0.0,0.0,-0.7954545454545454,0
1066.0,0.0,0.0,0.0,3.935185185185185,0
234.0,0.0,0.0,0.0,-0.7804878048780488,0
1066.0,0.0,0.0,0.0,3.5555555555555554,0
234.0,0.0,0.0,0.0,-0.7804878048780488,0
1042.0,0.0,0.0,0.0,3.452991452991453,0
258.0,0.0,0.0,0.0,-0.7523992322456814,0
1040.0,0.0,0.0,0.0,3.0310077519379846,0
260.0,0.0,0.0,0.0,-0.75,0
1040.0,0.0,0.0,0.0,3.0,0
260.0,0.0,0.0,0.0,-0.75,0
1040.0,0.0,0.0,0.0,3.0,0
260.0,0.0,0.0,0.0,-0.75,0
1032.0,0.0,0.0,0.0,2.9692307692307693,0
268.0,0.0,0.0,0.0,-0.7403100775193798,0
998.0,0.0,0.0,0.0,2.7238805970149254,0
302.0,0.0,0.0,0.0,-0.6973947895791583,0
988.0,0.0,0.0,0.0,2.271523178807947,0
312.0,0.0,0.0,0.0,-0.6842105263157895,0
988.0,0.0,0.0,0.0,2.1666666666666665,0
312.0,0.0,0.0,0.0,-0.6842105263157895,0
988.0,0.0,0.0,0.0,2.1666666666666665,0
312.0,0.0,0.0,0.0,-0.6842105263157895,0
988.0,0.0,0.0,0.0,2.1666666666666665,0
312.0,0.0,0.0,0.0,-0.6842105263157895,0
988.0,0.0,0.0,0.0,2.1666666666666665,0
312.0,0.0,0.0,0.0,-0.6842105263157895,0
988.0,0.0,0.0,0.0,2.1666666666666665,0
312.0,0.0,0.0,0.0,-0.6842105263157895,0
988.0,0.0,0.0,0.0,2.1666666666666665,0
312.0,0.0,0.0,0.0,-0.6842105263157895,0
988.0,0.0,0.0,0.0,2.1666666666666665,0
312.0,0.0,0.0,0.0,-0.6842105263157895,0
988.0,0.0,0.0,0.0,2.1666666666666665,0
312.0,0.0,0.0,0.0,-0.6842105263157895,0
988.0,0.0,0.0,0.0,2.1666666666666665,0
312.0,0.0,0.0,0.0,-0.6842105263157895,0
988.0,0.0,0.0,0.0,2.1666666666666665,0
312.0,0.0,0.0,0.0,-0.6842105263157895,0
988.0,0.0,0.0,0.0,2.1666666666666665,0
312.0,0.0,0.0,0.0,-0.6842105263157895,0
988.0,0.0,0.0,0.0,2.1666666666666665,0
312.0,0.0,0.0,0.0,-0.6842105263157895,0
988.0,0.0,0.0,0.0,2.1666666666666665,0
312.0,0.0,0.0,0.0,-0.6842105263157895,0
988.0,0.0,0.0,0.0,2.1666666666666665,0
312.0,0.0,0.0,0.0,-0.6842105263157895,0
988.0,0.0,0.0,0.0,2.1666666666666665,0
312.0,0.0,0.0,0.0,-0.6842105263157895,0
988.0,0.0,0.0,0.0,2.1666666666666665,0
312.0,0.0,0.0,0.0,-0.6842105263157895,0
988.0,0.0,0.0,0.0,2.1666666666666665,0
312.0,0.0,0.0,0.0,-0.6842105263157895,0
988.0,0.0,0.0,0.0,2.1666666666666665,0
312.0,0.0,0.0,0.0,-0.6842105263157895,0
988.0,0.0,0.0,0.0,2.1666666666666665,0
312.0,0.0,0.0,0.0,-0.6842105263157895,0
988.0,0.0,0.0,0.0,2.1666666666666665,0
312.0,0.0,0.0,0.0,-0.6842105263157895,0
972.0,0.0,0.0,0.0,2.1153846153846154,0
328.0,0.0,0.0,0.0,-0.6625514403292181,0
962.0,0.0,0.0,0.0,1.9329268292682928,0
338.0,0.0,0.0,0.0,-0.6486486486486487,0
962.0,0.0,0.0,0.0,1.8461538461538463,0
338.0,0.0,0.0,0.0,-0.6486486486486487,0
962.0,0.0,0.0,0.0,1.8461538461538463,0
338.0,0.0,0.0,0.0,-0.6486486486486487,0
962.0,0.0,0.0,0.0,1.8461538461538463,0
338.0,0.0,0.0,0.0,-0.6486486486486487,0
962.0,0.0,0.0,0.0,1.8461538461538463,0
338.0,0.0,0.0,0.0,-0.6486486486486487,0
938.0,0.0,0.0,0.0,1.775147928994083,0
362.0,0.0,0.0,0.0,-0.6140724946695095,0
893.0,0.0,0.0,0.0,1.4668508287292816,0
407.0,0.0,0.0,0.0,-0.5442329227323628,0
884.0,0.0,0.0,0.0,1.171990171990172,0
416.0,0.0,0.0,0.0,-0.5294117647058824,0
884.0,0.0,0.0,0.0,1.125,0
416.0,0.0,0.0,0.0,-0.5294117647058824,0
876.0,0.0,0.0,0.0,1.1057692307692308,0
424.0,0.0,0.0,0.0,-0.5159817351598174,0
842.0,0.0,0.0,0.0,0.9858490566037736,0
458.0,0.0,0.0,0.0,-0.4560570071258907,0
832.0,0.0,0.0,0.0,0.8165938864628821,0
468.0,0.0,0.0,0.0,-0.4375,0
832.0,0.0,0.0,0.0,0.7777777777777777,0
468.0,0.0,0.0,0.0,-0.4375,0
832.0,0.0,0.0,0.0,0.7777777777777777,0
468.0,0.0,0.0,0.0,-0.4375,0
832.0,0.0,0.0,0.0,0.7777777777777777,0
468.0,0.0,0.0,0.0,-0.4375,0
832.0,0.0,0.0,0.0,0.7777777777777777,0
468.0,0.0,0.0,0.0,-0.4375,0
832.0,0.0,0.0,0.0,0.7777777777777777,0
468.0,0.0,0.0,0.0,-0.4375,0
832.0,0.0,0.0,0.0,0.7777777777777777,0
468.0,0.0,0.0,0.0,-0.4375,0
832.0,0.0,0.0,0.0,0.7777777777777777,0
468.0,0.0,0.0,0.0,-0.4375,0
832.0,0.0,0.0,0.0,0.7777777777777777,0
468.0,0.0,0.0,0.0,-0.4375,0
832.0,0.0,0.0,0.0,0.7777777777777777,0
468.0,0.0,0.0,0.0,-0.4375,0
832.0,0.0,0.0,0.0,0.7777777777777777,0
468.0,0.0,0.0,0.0,-0.4375,0
832.0,0.0,0.0,0.0,0.7777777777777777,0
468.0,0.0,0.0,0.0,-0.4375,0
832.0,0.0,0.0,0.0,0.7777777777777777,0
468.0,0.0,0.0,0.0,-0.4375,0
832.0,0.0,0.0,0.0,0.7777777777777777,0
468.0,0.0,0.0,0.0,-0.4375,0
832.0,0.0,0.0,0.0,0.7777777777777777,0
468.0,0.0,0.0,0.0,-0.4375,0
832.0,0.0,0.0,0.0,0.7777777777777777,0
468.0,0.0,0.0,0.0,-0.4375,0
832.0,0.0,0.0,0.0,0.7777777777777777,0
468.0,0.0,0.0,0.0,-0.4375,0
832.0,0.0,0.0,0.0,0.7777777777777777,0
468.0,0.0,0.0,0.0,-0.4375,0
832.0,0.0,0.0,0.0,0.7777777777777777,0
468.0,0.0,0.0,0.0,-0.4375,0
832.0,0.0,0.0,0.0,0.7777777777777777,0
468.0,0.0,0.0,0.0,-0.4375,0
832.0,0.0,0.0,0.0,0.7777777777777777,0
468.0,0.0,0.0,0.0,-0.4375,0
832.0,0.0,0.0,0.0,0.7777777777777777,0
468.0,0.0,0.0,0.0,-0.4375,0
832.0,0.0,0.0,0.0,0.7777777777777777,0
468.0,0.0,0.0,0.0,-0.4375,0
832.0,0.0,0.0,0.0,0.7777777777777777,0
468.0,0.0,0.0,0.0,-0.4375,0
832.0,0.0,0.0,0.0,0.7777777777777777,0
468.0,0.0,0.0,0.0,-0.4375,0
832.0,0.0,0.0,0.0,0.7777777777777777,0
468.0,0.0,0.0,0.0,-0.4375,0
832.0,0.0,0.0,0.0,0.7777777777777777,0
468.0,0.0,0.0,0.0,-0.4375,0
832.0,0.0,0.0,0.0,0.7777777777777777,0
468.0,0.0,0.0,0.0,-0.4375,0
832.0,0.0,0.0,0.0,0.7777777777777777,0
468.0,0.0,0.0,0.0,-0.4375,0
832.0,0.0,0.0,0.0,0.7777777777777777,0
468.0,0.0,0.0,0.0,-0.4375,0
832.0,0.0,0.0,0.0,0.7777777777777777,0
468.0,0.0,0.0,0.0,-0.4375,0
832.0,0.0,0.0,0.0,0.7777777777777777,0
468.0,0.0,0.0,0.0,-0.4375,0
832.0,0.0,0.0,0.0,0.7777777777777777,0
468.0,0.0,0.0,0.0,-0.4375,0
832.0,0.0,0.0,0.0,0.7777777777777777,0
468.0,0.0,0.0,0.0,-0.4375,0
832.0,0.0,0.0,0.0,0.7777777777777777,0
468.0,0.0,0.0,0.0,-0.4375,0
832.0,0.0,0.0,0.0,0.7777777777777777,0
468.0,0.0,0.0,0.0,-0.4375,0
832.0,0.0,0.0,0.0,0.7777777777777777,0
468.0,0.0,0.0,0.0,-0.4375,0
832.0,0.0,0.0,0.0,0.7777777777777777,0
468.0,0.0,0.0,0.0,-0.4375,0
832.0,0.0,0.0,0.0,0.7777777777777777,0
468.0,0.0,0.0,0.0,-0.4375,0
832.0,0.0,0.0,0.0,0.7777777777777777,0
468.0,0.0,0.0,0.0,-0.4375,0
832.0,0.0,0.0,0.0,0.7777777777777777,0
468.0,0.0,0.0,0.0,-0.4375,0
832.0,0.0,0.0,0.0,0.7777777777777777,0
468.0,0.0,0.0,0.0,-0.4375,0
832.0,0.0,0.0,0.0,0.7777777777777777,0
468.0,0.0,0.0,0.0,-0.4375,0
832.0,0.0,0.0,0.0,0.7777777777777777,0
468.0,0.0,0.0,0.0,-0.4375,0
832.0,0.0,0.0,0.0,0.7777777777777777,0
468.0,0.0,0.0,0.0,-0.4375,0
832.0,0.0,0.0,0.0,0.7777777777777777,0
468.0,0.0,0.0,0.0,-0.4375,0
832.0,0.0,0.0,0.0,0.7777777777777777,0
468.0,0.0,0.0,0.0,-0.4375,0
832.0,0.0,0.0,0.0,0.7777777777777777,0
468.0,0.0,0.0,0.0,-0.4375,0
832.0,0.0,0.0,0.0,0.7777777777777777,0
468.0,0.0,0.0,0.0,-0.4375,0
832.0,0.0,0.0,0.0,0.7777777777777777,0
468.0,0.0,0.0,0.0,-0.4375,0
832.0,0.0,0.0,0.0,0.7777777777777777,0
468.0,0.0,0.0,0.0,-0.4375,0
832.0,0.0,0.0,0.0,0.7777777777777777,0
468.0,0.0,0.0,0.0,-0.4375,0
832.0,0.0,0.0,0.0,0.7777777777777777,0
468.0,0.0,0.0,0.0,-0.4375,0
832.0,0.0,0.0,0.0,0.7777777777777777,0
468.0,0.0,0.0,0.0,-0.4375,0
832.0,0.0,0.0,0.0,0.7777777777777777,0
468.0,0.0,0.0,0.0,-0.4375,0
832.0,0.0,0.0,0.0,0.7777777777777777,0
468.0,0.0,0.0,0.0,-0.4375,0
832.0,0.0,0.0,0.0,0.7777777777777777,0
468.0,0.0,0.0,0.0,-0.4375,0
832.0,0.0,0.0,0.0,0.7777777777777777,0
468.0,0.0,0.0,0.0,-0.4375,0
832.0,0.0,0.0,0.0,0.7777777777777777,0
468.0,0.0,0.0,0.0,-0.4375,0
832.0,0.0,0.0,0.0,0.7777777777777777,0
468.0,0.0,0.0,0.0,-0.4375,0
832.0,0.0,0.0,0.0,0.7777777777777777,0
468.0,0.0,0.0,0.0,-0.4375,0
832.0,0.0,0.0,0.0,0.7777777777777777,0
468.0,0.0,0.0,0.0,-0.4375,0
832.0,0.0,0.0,0.0,0.7777777777777777,0
468.0,0.0,0.0,0.0,-0.4375,0
832.0,0.0,0.0,0.0,0.7777777777777777,0
468.0,0.0,0.0,0.0,-0.4375,0
832.0,0.0,0.0,0.0,0.7777777777777777,0
468.0,0.0,0.0,0.0,-0.4375,0
832.0,0.0,0.0,0.0,0.7777777777777777,0
468.0,0.0,0.0,0.0,-0.4375,0
832.0,0.0,0.0,0.0,0.7777777777777777,0
468.0,0.0,0.0,0.0,-0.4375,0
832.0,0.0,0.0,0.0,0.7777777777777777,0
468.0,0.0,0.0,0.0,-0.4375,0
832.0,0.0,0.0,0.0,0.7777777777777777,0
468.0,0.0,0.0,0.0,-0.4375,0
832.0,0.0,0.0,0.0,0.7777777777777777,0
468.0,0.0,0.0,0.0,-0.4375,0
832.0,0.0,0.0,0.0,0.7777777777777777,0
468.0,0.0,0.0,0.0,-0.4375,0
832.0,0.0,0.0,0.0,0.7777777777777777,0
468.0,0.0,0.0,0.0,-0.4375,0
832.0,0.0,0.0,0.0,0.7777777777777777,0
468.0,0.0,0.0,0.0,-0.4375,0
832.0,0.0,0.0,0.0,0.7777777777777777,0
468.0,0.0,0.0,0.0,-0.4375,0
832.0,0.0,0.0,0.0,0.7777777777777777,0
468.0,0.0,0.0,0.0,-0.4375,0
832.0,0.0,0.0,0.0,0.7777777777777777,0
468.0,0.0,0.0,0.0,-0.4375,0
832.0,0.0,0.0,0.0,0.7777777777777777,0
468.0,0.0,0.0,0.0,-0.4375,0
832.0,0.0,0.0,0.0,0.7777777777777777,0
468.0,0.0,0.0,0.0,-0.4375,0
832.0,0.0,0.0,0.0,0.7777777777777777,0
468.0,0.0,0.0,0.0,-0.4375,0
832.0,0.0,0.0,0.0,0.7777777777777777,0
468.0,0.0,0.0,0.0,-0.4375,0
832.0,0.0,0.0,0.0,0.7777777777777777,0
468.0,0.0,0.0,0.0,-0.4375,0
832.0,0.0,0.0,0.0,0.7777777777777777,0
468.0,0.0,0.0,0.0,-0.4375,0
832.0,0.0,0.0,0.0,0.7777777777777777,0
468.0,0.0,0.0,0.0,-0.4375,0
832.0,0.0,0.0,0.0,0.7777777777777777,0
468.0,0.0,0.0,0.0,-0.4375,0
832.0,0.0,0.0,0.0,0.7777777777777777,0
468.0,0.0,0.0,0.0,-0.4375,0
832.0,0.0,0.0,0.0,0.7777777777777777,0
468.0,0.0,0.0,0.0,-0.4375,0
832.0,0.0,0.0,0.0,0.7777777777777777,0
468.0,0.0,0.0,0.0,-0.4375,0
832.0,0.0,0.0,0.0,0.7777777777777777,0
468.0,0.0,0.0,0.0,-0.4375,0
832.0,0.0,0.0,0.0,0.7777777777777777,0
468.0,0.0,0.0,0.0,-0.4375,0
832.0,0.0,0.0,0.0,0.7777777777777777,0
468.0,0.0,0.0,0.0,-0.4375,0
832.0,0.0,0.0,0.0,0.7777777777777777,0
468.0,0.0,0.0,0.0,-0.4375,0
832.0,0.0,0.0,0.0,0.7777777777777777,0
468.0,0.0,0.0,0.0,-0.4375,0
832.0,0.0,0.0,0.0,0.7777777777777777,0
468.0,0.0,0.0,0.0,-0.4375,0
832.0,0.0,0.0,0.0,0.7777777777777777,0
468.0,0.0,0.0,0.0,-0.4375,0
832.0,0.0,0.0,0.0,0.7777777777777777,0
468.0,0.0,0.0,0.0,-0.4375,0
832.0,0.0,0.0,0.0,0.7777777777777777,0
468.0,0.0,0.0,0.0,-0.4375,0
832.0,0.0,0.0,0.0,0.7777777777777777,0
468.0,0.0,0.0,0.0,-0.4375,0
832.0,0.0,0.0,0.0,0.7777777777777777,0
468.0,0.0,0.0,0.0,-0.4375,0
832.0,0.0,0.0,0.0,0.7777777777777777,0
468.0,0.0,0.0,0.0,-0.4375,0
832.0,0.0,0.0,0.0,0.7777777777777777,0
468.0,0.0,0.0,0.0,-0.4375,0
832.0,0.0,0.0,0.0,0.7777777777777777,0
468.0,0.0,0.0,0.0,-0.4375,0
832.0,0.0,0.0,0.0,0.7777777777777777,0
468.0,0.0,0.0,0.0,-0.4375,0
832.0,0.0,0.0,0.0,0.7777777777777777,0
468.0,0.0,0.0,0.0,-0.4375,0
832.0,0.0,0.0,0.0,0.7777777777777777,0
468.0,0.0,0.0,0.0,-0.4375,0
832.0,0.0,0.0,0.0,0.7777777777777777,0
468.0,0.0,0.0,0.0,-0.4375,0
832.0,0.0,0.0,0.0,0.7777777777777777,0
468.0,0.0,0.0,0.0,-0.4375,0
832.0,0.0,0.0,0.0,0.7777777777777777,0
468.0,0.0,0.0,0.0,-0.4375,0
832.0,0.0,0.0,0.0,0.7777777777777777,0
468.0,0.0,0.0,0.0,-0.4375,0
832.0,0.0,0.0,0.0,0.7777777777777777,0
468.0,0.0,0.0,0.0,-0.4375,0
832.0,0.0,0.0,0.0,0.7777777777777777,0
468.0,0.0,0.0,0.0,-0.4375,0
832.0,0.0,0.0,0.0,0.7777777777777777,0
468.0,0.0,0.0,0.0,-0.4375,0
832.0,0.0,0.0,0.0,0.7777777777777777,0
468.0,0.0,0.0,0.0,-0.4375,0
832.0,0.0,0.0,0.0,0.7777777777777777,0
468.0,0.0,0.0,0.0,-0.4375,0
824.0,0.0,0.0,0.0,0.7606837606837606,0
476.0,0.0,0.0,0.0,-0.4223300970873787,0
806.0,0.0,0.0,0.0,0.6932773109243697,0
494.0,0.0,0.0,0.0,-0.3870967741935484,0
798.0,0.0,0.0,0.0,0.6153846153846154,0
502.0,0.0,0.0,0.0,-0.37092731829573933,0
780.0,0.0,0.0,0.0,0.5537848605577689,0
520.0,0.0,0.0,0.0,-0.33333333333333337,0
772.0,0.0,0.0,0.0,0.48461538461538467,0
528.0,0.0,0.0,0.0,-0.3160621761658031,0
754.0,0.0,0.0,0.0,0.428030303030303,0
546.0,0.0,0.0,0.0,-0.27586206896551724,0
754.0,0.0,0.0,0.0,0.38095238095238093,0
546.0,0.0,0.0,0.0,-0.27586206896551724,0
754.0,0.0,0.0,0.0,0.38095238095238093,0
546.0,0.0,0.0,0.0,-0.27586206896551724,0
731.0,0.0,0.0,0.0,0.33882783882783873,0
569.0,0.0,0.0,0.0,-0.22161422708618328,0
702.0,0.0,0.0,0.0,0.2337434094903339,0
598.0,0.0,0.0,0.0,-0.14814814814814814,0
702.0,0.0,0.0,0.0,0.17391304347826098,0
598.0,0.0,0.0,0.0,-0.14814814814814814,0
702.0,0.0,0.0,0.0,0.17391304347826098,0
598.0,0.0,0.0,0.0,-0.14814814814814814,0
678.0,0.0,0.0,0.0,0.13377926421404673,0
622.0,0.0,0.0,0.0,-0.08259587020648973,0
637.0,0.0,0.0,0.0,0.02411575562700974,0
663.0,0.0,0.0,0.0,0.04081632653061229,0
615.0,0.0,0.0,0.0,-0.07239819004524883,0
685.0,0.0,0.0,0.0,0.11382113821138207,0
590.0,0.0,0.0,0.0,-0.13868613138686137,0
710.0,0.0,0.0,0.0,0.20338983050847448,0
572.0,0.0,0.0,0.0,-0.19436619718309855,0
728.0,0.0,0.0,0.0,0.2727272727272727,0
572.0,0.0,0.0,0.0,-0.2142857142857143,0
728.0,0.0,0.0,0.0,0.2727272727272727,0
572.0,0.0,0.0,0.0,-0.2142857142857143,0
728.0,0.0,0.0,0.0,0.2727272727272727,0
572.0,0.0,0.0,0.0,-0.2142857142857143,0
728.0,0.0,0.0,0.0,0.2727272727272727,0
572.0,0.0,0.0,0.0,-0.2142857142857143,0
728.0,0.0,0.0,0.0,0.2727272727272727,0
572.0,0.0,0.0,0.0,-0.2142857142857143,0
728.0,0.0,0.0,0.0,0.2727272727272727,0
572.0,0.0,0.0,0.0,-0.2142857142857143,0
728.0,0.0,0.0,0.0,0.2727272727272727,0
572.0,0.0,0.0,0.0,-0.2142857142857143,0
728.0,0.0,0.0,0.0,0.2727272727272727,0
572.0,0.0,0.0,0.0,-0.2142857142857143,0
728.0,0.0,0.0,0.0,0.2727272727272727,0
572.0,0.0,0.0,0.0,-0.2142857142857143,0
728.0,0.0,0.0,0.0,0.2727272727272727,0
556.0,0.0,0.0,0.0,-0.2362637362637363,0
744.0,0.0,0.0,0.0,0.3381294964028776,0
546.0,0.0,0.0,0.0,-0.2661290322580645,0
754.0,0.0,0.0,0.0,0.38095238095238093,0
546.0,0.0,0.0,0.0,-0.27586206896551724,0
754.0,0.0,0.0,0.0,0.38095238095238093,0
546.0,0.0,0.0,0.0,-0.27586206896551724,0
754.0,0.0,0.0,0.0,0.38095238095238093,0
546.0,0.0,0.0,0.0,-0.27586206896551724,0
754.0,0.0,0.0,0.0,0.38095238095238093,0
546.0,0.0,0.0,0.0,-0.27586206896551724,0
754.0,0.0,0.0,0.0,0.38095238095238093,0
530.0,0.0,0.0,0.0,-0.2970822281167109,0
770.0,0.0,0.0,0.0,0.4528301886792452,0
520.0,0.0,0.0,0.0,-0.3246753246753247,0
780.0,0.0,0.0,0.0,0.5,0
520.0,0.0,0.0,0.0,-0.33333333333333337,0
780.0,0.0,0.0,0.0,0.5,0
520.0,0.0,0.0,0.0,-0.33333333333333337,0
780.0,0.0,0.0,0.0,0.5,0
520.0,0.0,0.0,0.0,-0.33333333333333337,0
780.0,0.0,0.0,0.0,0.5,0
520.0,0.0,0.0,0.0,-0.33333333333333337,0
780.0,0.0,0.0,0.0,0.5,0
512.0,0.0,0.0,0.0,-0.3435897435897436,0
788.0,0.0,0.0,0.0,0.5390625,0
494.0,0.0,0.0,0.0,-0.37309644670050757,0
806.0,0.0,0.0,0.0,0.631578947368421,0
485.0,0.0,0.0,0.0,-0.3982630272952854,0
815.0,0.0,0.0,0.0,0.6804123711340206,0
468.0,0.0,0.0,0.0,-0.42576687116564416,0
832.0,0.0,0.0,0.0,0.7777777777777777,0
468.0,0.0,0.0,0.0,-0.4375,0
832.0,0.0,0.0,0.0,0.7777777777777777,0
468.0,0.0,0.0,0.0,-0.4375,0
832.0,0.0,0.0,0.0,0.7777777777777777,0
468.0,0.0,0.0,0.0,-0.4375,0
832.0,0.0,0.0,0.0,0.7777777777777777,0
468.0,0.0,0.0,0.0,-0.4375,0
832.0,0.0,0.0,0.0,0.7777777777777777,0
468.0,0.0,0.0,0.0,-0.4375,0
832.0,0.0,0.0,0.0,0.7777777777777777,0
468.0,0.0,0.0,0.0,-0.4375,0
832.0,0.0,0.0,0.0,0.7777777777777777,0
468.0,0.0,0.0,0.0,-0.4375,0
832.0,0.0,0.0,0.0,0.7777777777777777,0
468.0,0.0,0.0,0.0,-0.4375,0
832.0,0.0,0.0,0.0,0.7777777777777777,0
468.0,0.0,0.0,0.0,-0.4375,0
832.0,0.0,0.0,0.0,0.7777777777777777,0
468.0,0.0,0.0,0.0,-0.4375,0
832.0,0.0,0.0,0.0,0.7777777777777777,0
468.0,0.0,0.0,0.0,-0.4375,0
832.0,0.0,0.0,0.0,0.7777777777777777,0
468.0,0.0,0.0,0.0,-0.4375,0
832.0,0.0,0.0,0.0,0.7777777777777777,0
468.0,0.0,0.0,0.0,-0.4375,0
832.0,0.0,0.0,0.0,0.7777777777777777,0
468.0,0.0,0.0,0.0,-0.4375,0
832.0,0.0,0.0,0.0,0.7777777777777777,0
468.0,0.0,0.0,0.0,-0.4375,0
832.0,0.0,0.0,0.0,0.7777777777777777,0
468.0,0.0,0.0,0.0,-0.4375,0
832.0,0.0,0.0,0.0,0.7777777777777777,0
468.0,0.0,0.0,0.0,-0.4375,0
832.0,0.0,0.0,0.0,0.7777777777777777,0
468.0,0.0,0.0,0.0,-0.4375,0
832.0,0.0,0.0,0.0,0.7777777777777777,0
468.0,0.0,0.0,0.0,-0.4375,0
832.0,0.0,0.0,0.0,0.7777777777777777,0
468.0,0.0,0.0,0.0,-0.4375,0
832.0,0.0,0.0,0.0,0.7777777777777777,0
468.0,0.0,0.0,0.0,-0.4375,0
832.0,0.0,0.0,0.0,0.7777777777777777,0
468.0,0.0,0.0,0.0,-0.4375,0
832.0,0.0,0.0,0.0,0.7777777777777777,0
468.0,0.0,0.0,0.0,-0.4375,0
832.0,0.0,0.0,0.0,0.7777777777777777,0
468.0,0.0,0.0,0.0,-0.4375,0
832.0,0.0,0.0,0.0,0.7777777777777777,0
468.0,0.0,0.0,0.0,-0.4375,0
832.0,0.0,0.0,0.0,0.7777777777777777,0
468.0,0.0,0.0,0.0,-0.4375,0
832.0,0.0,0.0,0.0,0.7777777777777777,0
468.0,0.0,0.0,0.0,-0.4375,0
832.0,0.0,0.0,0.0,0.7777777777777777,0
468.0,0.0,0.0,0.0,-0.4375,0
832.0,0.0,0.0,0.0,0.7777777777777777,0
468.0,0.0,0.0,0.0,-0.4375,0
832.0,0.0,0.0,0.0,0.7777777777777777,0
468.0,0.0,0.0,0.0,-0.4375,0
832.0,0.0,0.0,0.0,0.7777777777777777,0
468.0,0.0,0.0,0.0,-0.4375,0
832.0,0.0,0.0,0.0,0.7777777777777777,0
468.0,0.0,0.0,0.0,-0.4375,0
832.0,0.0,0.0,0.0,0.7777777777777777,0
468.0,0.0,0.0,0.0,-0.4375,0
832.0,0.0,0.0,0.0,0.7777777777777777,0
468.0,0.0,0.0,0.0,-0.4375,0
832.0,0.0,0.0,0.0,0.7777777777777777,0
468.0,0.0,0.0,0.0,-0.4375,0
832.0,0.0,0.0,0.0,0.7777777777777777,0
468.0,0.0,0.0,0.0,-0.4375,0
832.0,0.0,0.0,0.0,0.7777777777777777,0
468.0,0.0,0.0,0.0,-0.4375,0
832.0,0.0,0.0,0.0,0.7777777777777777,0
468.0,0.0,0.0,0.0,-0.4375,0
832.0,0.0,0.0,0.0,0.7777777777777777,0
468.0,0.0,0.0,0.0,-0.4375,0
832.0,0.0,0.0,0.0,0.7777777777777777,0
468.0,0.0,0.0,0.0,-0.4375,0
832.0,0.0,0.0,0.0,0.7777777777777777,0
468.0,0.0,0.0,0.0,-0.4375,0
832.0,0.0,0.0,0.0,0.7777777777777777,0
468.0,0.0,0.0,0.0,-0.4375,0
832.0,0.0,0.0,0.0,0.7777777777777777,0
468.0,0.0,0.0,0.0,-0.4375,0
832.0,0.0,0.0,0.0,0.7777777777777777,0
468.0,0.0,0.0,0.0,-0.4375,0
832.0,0.0,0.0,0.0,0.7777777777777777,0
468.0,0.0,0.0,0.0,-0.4375,0
832.0,0.0,0.0,0.0,0.7777777777777777,0
468.0,0.0,0.0,0.0,-0.4375,0
832.0,0.0,0.0,0.0,0.7777777777777777,0
468.0,0.0,0.0,0.0,-0.4375,0
832.0,0.0,0.0,0.0,0.7777777777777777,0
468.0,0.0,0.0,0.0,-0.4375,0
832.0,0.0,0.0,0.0,0.7777777777777777,0
444.0,0.0,0.0,0.0,-0.46634615384615385,0
856.0,0.0,0.0,0.0,0.927927927927928,0
416.0,0.0,0.0,0.0,-0.514018691588785,0
884.0,0.0,0.0,0.0,1.125,0
416.0,0.0,0.0,0.0,-0.5294117647058824,0
884.0,0.0,0.0,0.0,1.125,0
416.0,0.0,0.0,0.0,-0.5294117647058824,0
884.0,0.0,0.0,0.0,1.125,0
373.0,0.0,0.0,0.0,-0.5780542986425339,0
927.0,0.0,0.0,0.0,1.4852546916890081,0
364.0,0.0,0.0,0.0,-0.6073354908306365,0
936.0,0.0,0.0,0.0,1.5714285714285716,0
364.0,0.0,0.0,0.0,-0.6111111111111112,0
936.0,0.0,0.0,0.0,1.5714285714285716,0
364.0,0.0,0.0,0.0,-0.6111111111111112,0
936.0,0.0,0.0,0.0,1.5714285714285716,0
364.0,0.0,0.0,0.0,-0.6111111111111112,0
936.0,0.0,0.0,0.0,1.5714285714285716,0
364.0,0.0,0.0,0.0,-0.6111111111111112,0
936.0,0.0,0.0,0.0,1.5714285714285716,0
364.0,0.0,0.0,0.0,-0.6111111111111112,0
936.0,0.0,0.0,0.0,1.5714285714285716,0
364.0,0.0,0.0,0.0,-0.6111111111111112,0
936.0,0.0,0.0,0.0,1.5714285714285716,0
364.0,0.0,0.0,0.0,-0.6111111111111112,0
936.0,0.0,0.0,0.0,1.5714285714285716,0
349.0,0.0,0.0,0.0,-0.6271367521367521,0
951.0,0.0,0.0,0.0,1.7249283667621778,0
338.0,0.0,0.0,0.0,-0.6445846477392219,0
962.0,0.0,0.0,0.0,1.8461538461538463,0
338.0,0.0,0.0,0.0,-0.6486486486486487,0
962.0,0.0,0.0,0.0,1.8461538461538463,0
338.0,0.0,0.0,0.0,-0.6486486486486487,0
962.0,0.0,0.0,0.0,1.8461538461538463,0
338.0,0.0,0.0,0.0,-0.6486486486486487,0
962.0,0.0,0.0,0.0,1.8461538461538463,0
330.0,0.0,0.0,0.0,-0.656964656964657,0
970.0,0.0,0.0,0.0,1.9393939393939394,0
312.0,0.0,0.0,0.0,-0.6783505154639176,0
988.0,0.0,0.0,0.0,2.1666666666666665,0
312.0,0.0,0.0,0.0,-0.6842105263157895,0
988.0,0.0,0.0,0.0,2.1666666666666665,0
304.0,0.0,0.0,0.0,-0.6923076923076923,0
996.0,0.0,0.0,0.0,2.276315789473684,0
278.0,0.0,0.0,0.0,-0.7208835341365463,0
1022.0,0.0,0.0,0.0,2.676258992805755,0
244.0,0.0,0.0,0.0,-0.761252446183953,0
1056.0,0.0,0.0,0.0,3.3278688524590168,0
226.0,0.0,0.0,0.0,-0.7859848484848485,0
1074.0,0.0,0.0,0.0,3.7522123893805306,0
192.0,0.0,0.0,0.0,-0.8212290502793296,0
1099.0,0.0,0.0,0.0,4.723958333333333,0
183.0,0.0,0.0,0.0,-0.8334849863512284,0
1100.0,0.0,0.0,0.0,5.0109289617486334,0
158.0,0.0,0.0,0.0,-0.8563636363636363,0
1118.0,0.0,0.0,0.0,6.075949367088608,0
157.0,0.0,0.0,0.0,-0.8595706618962433,0
1115.0,0.0,0.0,0.0,6.101910828025478,0
123.0,0.0,0.0,0.0,-0.8896860986547085,0
1177.0,0.0,0.0,0.0,8.56910569105691,0
104.0,0.0,0.0,0.0,-0.9116397621070518,0
1188.0,0.0,0.0,0.0,10.0,0
112.0,0.0,0.0,0.0,-0.9057239057239057,0
1162.0,0.0,0.0,0.0,9.375,0
119.0,0.0,0.0,0.0,-0.8975903614457832,0
1155.0,0.0,0.0,0.0,8.705882352941176,0
138.0,0.0,0.0,0.0,-0.8805194805194805,0
1144.0,0.0,0.0,0.0,7.289855072463768,0
156.0,0.0,0.0,0.0,-0.8636363636363636,0
1144.0,0.0,0.0,0.0,6.333333333333333,0
156.0,0.0,0.0,0.0,-0.8636363636363636,0
1144.0,0.0,0.0,0.0,6.333333333333333,0
156.0,0.0,0.0,0.0,-0.8636363636363636,0
1120.0,0.0,0.0,0.0,6.17948717948718,0
180.0,0.0,0.0,0.0,-0.8392857142857143,0
1110.0,0.0,0.0,0.0,5.166666666666667,0
190.0,0.0,0.0,0.0,-0.8288288288288288,0
1092.0,0.0,0.0,0.0,4.747368421052632,0
208.0,0.0,0.0,0.0,-0.8095238095238095,0
1069.0,0.0,0.0,0.0,4.139423076923077,0
231.0,0.0,0.0,0.0,-0.7839101964452759,0
1050.0,0.0,0.0,0.0,3.545454545454546,0
250.0,0.0,0.0,0.0,-0.7619047619047619,0
1024.0,0.0,0.0,0.0,3.096,0
276.0,0.0,0.0,0.0,-0.73046875,0
1006.0,0.0,0.0,0.0,2.6449275362318843,0
294.0,0.0,0.0,0.0,-0.7077534791252484,0
988.0,0.0,0.0,0.0,2.360544217687075,0
312.0,0.0,0.0,0.0,-0.6842105263157895,0
988.0,0.0,0.0,0.0,2.1666666666666665,0
312.0,0.0,0.0,0.0,-0.6842105263157895,0
988.0,0.0,0.0,0.0,2.1666666666666665,0
312.0,0.0,0.0,0.0,-0.6842105263157895,0
988.0,0.0,0.0,0.0,2.1666666666666665,0
312.0,0.0,0.0,0.0,-0.6842105263157895,0
988.0,0.0,0.0,0.0,2.1666666666666665,0
312.0,0.0,0.0,0.0,-0.6842105263157895,0
988.0,0.0,0.0,0.0,2.1666666666666665,0
312.0,0.0,0.0,0.0,-0.6842105263157895,0
988.0,0.0,0.0,0.0,2.1666666666666665,0
312.0,0.0,0.0,0.0,-0.6842105263157895,0
988.0,0.0,0.0,0.0,2.1666666666666665,0
312.0,0.0,0.0,0.0,-0.6842105263157895,0
988.0,0.0,0.0,0.0,2.1666666666666665,0
312.0,0.0,0.0,0.0,-0.6842105263157895,0
988.0,0.0,0.0,0.0,2.1666666666666665,0
312.0,0.0,0.0,0.0,-0.6842105263157895,0
988.0,0.0,0.0,0.0,2.1666666666666665,0
312.0,0.0,0.0,0.0,-0.6842105263157895,0
988.0,0.0,0.0,0.0,2.1666666666666665,0
312.0,0.0,0.0,0.0,-0.6842105263157895,0
988.0,0.0,0.0,0.0,2.1666666666666665,0
312.0,0.0,0.0,0.0,-0.6842105263157895,0
988.0,0.0,0.0,0.0,2.1666666666666665,0
312.0,0.0,0.0,0.0,-0.6842105263157895,0
988.0,0.0,0.0,0.0,2.1666666666666665,0
312.0,0.0,0.0,0.0,-0.6842105263157895,0
988.0,0.0,0.0,0.0,2.1666666666666665,0
312.0,0.0,0.0,0.0,-0.6842105263157895,0
988.0,0.0,0.0,0.0,2.1666666666666665,0
312.0,0.0,0.0,0.0,-0.6842105263157895,0
988.0,0.0,0.0,0.0,2.1666666666666665,0
312.0,0.0,0.0,0.0,-0.6842105263157895,0
988.0,0.0,0.0,0.0,2.1666666666666665,0
312.0,0.0,0.0,0.0,-0.6842105263157895,0
988.0,0.0,0.0,0.0,2.1666666666666665,0
312.0,0.0,0.0,0.0,-0.6842105263157895,0
988.0,0.0,0.0,0.0,2.1666666666666665,0
312.0,0.0,0.0,0.0,-0.6842105263157895,0
988.0,0.0,0.0,0.0,2.1666666666666665,0
312.0,0.0,0.0,0.0,-0.6842105263157895,0
988.0,0.0,0.0,0.0,2.1666666666666665,0
312.0,0.0,0.0,0.0,-0.6842105263157895,0
988.0,0.0,0.0,0.0,2.1666666666666665,0
312.0,0.0,0.0,0.0,-0.6842105263157895,0
964.0,0.0,0.0,0.0,2.08974358974359,0
336.0,0.0,0.0,0.0,-0.6514522821576764,0
962.0,0.0,0.0,0.0,1.8630952380952381,0
338.0,0.0,0.0,0.0,-0.6486486486486487,0
938.0,0.0,0.0,0.0,1.775147928994083,0
362.0,0.0,0.0,0.0,-0.6140724946695095,0
936.0,0.0,0.0,0.0,1.5856353591160222,0
364.0,0.0,0.0,0.0,-0.6111111111111112,0
912.0,0.0,0.0,0.0,1.5054945054945055,0
388.0,0.0,0.0,0.0,-0.5745614035087719,0
862.0,0.0,0.0,0.0,1.2216494845360826,0
438.0,0.0,0.0,0.0,-0.4918793503480279,0
832.0,0.0,0.0,0.0,0.8995433789954337,0
468.0,0.0,0.0,0.0,-0.4375,0
832.0,0.0,0.0,0.0,0.7777777777777777,0
468.0,0.0,0.0,0.0,-0.4375,0
832.0,0.0,0.0,0.0,0.7777777777777777,0
468.0,0.0,0.0,0.0,-0.4375,0
832.0,0.0,0.0,0.0,0.7777777777777777,0
468.0,0.0,0.0,0.0,-0.4375,0
832.0,0.0,0.0,0.0,0.7777777777777777,0
468.0,0.0,0.0,0.0,-0.4375,0
832.0,0.0,0.0,0.0,0.7777777777777777,0
468.0,0.0,0.0,0.0,-0.4375,0
832.0,0.0,0.0,0.0,0.7777777777777777,0
468.0,0.0,0.0,0.0,-0.4375,0
832.0,0.0,0.0,0.0,0.7777777777777777,0
468.0,0.0,0.0,0.0,-0.4375,0
832.0,0.0,0.0,0.0,0.7777777777777777,0
468.0,0.0,0.0,0.0,-0.4375,0
832.0,0.0,0.0,0.0,0.7777777777777777,0
468.0,0.0,0.0,0.0,-0.4375,0
832.0,0.0,0.0,0.0,0.7777777777777777,0
468.0,0.0,0.0,0.0,-0.4375,0
832.0,0.0,0.0,0.0,0.7777777777777777,0
468.0,0.0,0.0,0.0,-0.4375,0
832.0,0.0,0.0,0.0,0.7777777777777777,0
468.0,0.0,0.0,0.0,-0.4375,0
832.0,0.0,0.0,0.0,0.7777777777777777,0
468.0,0.0,0.0,0.0,-0.4375,0
832.0,0.0,0.0,0.0,0.7777777777777777,0
468.0,0.0,0.0,0.0,-0.4375,0
832.0,0.0,0.0,0.0,0.7777777777777777,0
468.0,0.0,0.0,0.0,-0.4375,0
832.0,0.0,0.0,0.0,0.7777777777777777,0
468.0,0.0,0.0,0.0,-0.4375,0
832.0,0.0,0.0,0.0,0.7777777777777777,0
468.0,0.0,0.0,0.0,-0.4375,0
832.0,0.0,0.0,0.0,0.7777777777777777,0
468.0,0.0,0.0,0.0,-0.4375,0
832.0,0.0,0.0,0.0,0.7777777777777777,0
468.0,0.0,0.0,0.0,-0.4375,0
832.0,0.0,0.0,0.0,0.7777777777777777,0
468.0,0.0,0.0,0.0,-0.4375,0
832.0,0.0,0.0,0.0,0.7777777777777777,0
468.0,0.0,0.0,0.0,-0.4375,0
832.0,0.0,0.0,0.0,0.7777777777777777,0
468.0,0.0,0.0,0.0,-0.4375,0
832.0,0.0,0.0,0.0,0.7777777777777777,0
468.0,0.0,0.0,0.0,-0.4375,0
832.0,0.0,0.0,0.0,0.7777777777777777,0
468.0,0.0,0.0,0.0,-0.4375,0
832.0,0.0,0.0,0.0,0.7777777777777777,0
468.0,0.0,0.0,0.0,-0.4375,0
832.0,0.0,0.0,0.0,0.7777777777777777,0
468.0,0.0,0.0,0.0,-0.4375,0
832.0,0.0,0.0,0.0,0.7777777777777777,0
468.0,0.0,0.0,0.0,-0.4375,0
832.0,0.0,0.0,0.0,0.7777777777777777,0
468.0,0.0,0.0,0.0,-0.4375,0
832.0,0.0,0.0,0.0,0.7777777777777777,0
468.0,0.0,0.0,0.0,-0.4375,0
832.0,0.0,0.0,0.0,0.7777777777777777,0
468.0,0.0,0.0,0.0,-0.4375,0
832.0,0.0,0.0,0.0,0.7777777777777777,0
468.0,0.0,0.0,0.0,-0.4375,0
832.0,0.0,0.0,0.0,0.7777777777777777,0
468.0,0.0,0.0,0.0,-0.4375,0
832.0,0.0,0.0,0.0,0.7777777777777777,0
468.0,0.0,0.0,0.0,-0.4375,0
832.0,0.0,0.0,0.0,0.7777777777777777,0
468.0,0.0,0.0,0.0,-0.4375,0
832.0,0.0,0.0,0.0,0.7777777777777777,0
468.0,0.0,0.0,0.0,-0.4375,0
832.0,0.0,0.0,0.0,0.7777777777777777,0
468.0,0.0,0.0,0.0,-0.4375,0
832.0,0.0,0.0,0.0,0.7777777777777777,0
468.0,0.0,0.0,0.0,-0.4375,0
832.0,0.0,0.0,0.0,0.7777777777777777,0
468.0,0.0,0.0,0.0,-0.4375,0
832.0,0.0,0.0,0.0,0.7777777777777777,0
468.0,0.0,0.0,0.0,-0.4375,0
832.0,0.0,0.0,0.0,0.7777777777777777,0
468.0,0.0,0.0,0.0,-0.4375,0
832.0,0.0,0.0,0.0,0.7777777777777777,0
468.0,0.0,0.0,0.0,-0.4375,0
832.0,0.0,0.0,0.0,0.7777777777777777,0
468.0,0.0,0.0,0.0,-0.4375,0
832.0,0.0,0.0,0.0,0.7777777777777777,0
468.0,0.0,0.0,0.0,-0.4375,0
832.0,0.0,0.0,0.0,0.7777777777777777,0
468.0,0.0,0.0,0.0,-0.4375,0
832.0,0.0,0.0,0.0,0.7777777777777777,0
468.0,0.0,0.0,0.0,-0.4375,0
832.0,0.0,0.0,0.0,0.7777777777777777,0
468.0,0.0,0.0,0.0,-0.4375,0
832.0,0.0,0.0,0.0,0.7777777777777777,0
468.0,0.0,0.0,0.0,-0.4375,0
832.0,0.0,0.0,0.0,0.7777777777777777,0
468.0,0.0,0.0,0.0,-0.4375,0
832.0,0.0,0.0,0.0,0.7777777777777777,0
468.0,0.0,0.0,0.0,-0.4375,0
832.0,0.0,0.0,0.0,0.7777777777777777,0
468.0,0.0,0.0,0.0,-0.4375,0
832.0,0.0,0.0,0.0,0.7777777777777777,0
468.0,0.0,0.0,0.0,-0.4375,0
832.0,0.0,0.0,0.0,0.7777777777777777,0
468.0,0.0,0.0,0.0,-0.4375,0
832.0,0.0,0.0,0.0,0.7777777777777777,0
468.0,0.0,0.0,0.0,-0.4375,0
832.0,0.0,0.0,0.0,0.7777777777777777,0
468.0,0.0,0.0,0.0,-0.4375,0
832.0,0.0,0.0,0.0,0.7777777777777777,0
468.0,0.0,0.0,0.0,-0.4375,0
832.0,0.0,0.0,0.0,0.7777777777777777,0
468.0,0.0,0.0,0.0,-0.4375,0
832.0,0.0,0.0,0.0,0.7777777777777777,0
468.0,0.0,0.0,0.0,-0.4375,0
832.0,0.0,0.0,0.0,0.7777777777777777,0
468.0,0.0,0.0,0.0,-0.4375,0
832.0,0.0,0.0,0.0,0.7777777777777777,0
468.0,0.0,0.0,0.0,-0.4375,0
832.0,0.0,0.0,0.0,0.7777777777777777,0
468.0,0.0,0.0,0.0,-0.4375,0
832.0,0.0,0.0,0.0,0.7777777777777777,0
468.0,0.0,0.0,0.0,-0.4375,0
832.0,0.0,0.0,0.0,0.7777777777777777,0
468.0,0.0,0.0,0.0,-0.4375,0
832.0,0.0,0.0,0.0,0.7777777777777777,0
468.0,0.0,0.0,0.0,-0.4375,0
832.0,0.0,0.0,0.0,0.7777777777777777,0
468.0,0.0,0.0,0.0,-0.4375,0
832.0,0.0,0.0,0.0,0.7777777777777777,0
468.0,0.0,0.0,0.0,-0.4375,0
832.0,0.0,0.0,0.0,0.7777777777777777,0
468.0,0.0,0.0,0.0,-0.4375,0
832.0,0.0,0.0,0.0,0.7777777777777777,0
468.0,0.0,0.0,0.0,-0.4375,0
832.0,0.0,0.0,0.0,0.7777777777777777,0
468.0,0.0,0.0,0.0,-0.4375,0
832.0,0.0,0.0,0.0,0.7777777777777777,0
468.0,0.0,0.0,0.0,-0.4375,0
832.0,0.0,0.0,0.0,0.7777777777777777,0
468.0,0.0,0.0,0.0,-0.4375,0
832.0,0.0,0.0,0.0,0.7777777777777777,0
468.0,0.0,0.0,0.0,-0.4375,0
832.0,0.0,0.0,0.0,0.7777777777777777,0
468.0,0.0,0.0,0.0,-0.4375,0
832.0,0.0,0.0,0.0,0.7777777777777777,0
468.0,0.0,0.0,0.0,-0.4375,0
832.0,0.0,0.0,0.0,0.7777777777777777,0
468.0,0.0,0.0,0.0,-0.4375,0
832.0,0.0,0.0,0.0,0.7777777777777777,0
468.0,0.0,0.0,0.0,-0.4375,0
832.0,0.0,0.0,0.0,0.7777777777777777,0
468.0,0.0,0.0,0.0,-0.4375,0
832.0,0.0,0.0,0.0,0.7777777777777777,0
468.0,0.0,0.0,0.0,-0.4375,0
832.0,0.0,0.0,0.0,0.7777777777777777,0
468.0,0.0,0.0,0.0,-0.4375,0
832.0,0.0,0.0,0.0,0.7777777777777777,0
468.0,0.0,0.0,0.0,-0.4375,0
832.0,0.0,0.0,0.0,0.7777777777777777,0
468.0,0.0,0.0,0.0,-0.4375,0
832.0,0.0,0.0,0.0,0.7777777777777777,0
468.0,0.0,0.0,0.0,-0.4375,0
832.0,0.0,0.0,0.0,0.7777777777777777,0
468.0,0.0,0.0,0.0,-0.4375,0
832.0,0.0,0.0,0.0,0.7777777777777777,0
468.0,0.0,0.0,0.0,-0.4375,0
832.0,0.0,0.0,0.0,0.7777777777777777,0
468.0,0.0,0.0,0.0,-0.4375,0
832.0,0.0,0.0,0.0,0.7777777777777777,0
468.0,0.0,0.0,0.0,-0.4375,0
832.0,0.0,0.0,0.0,0.7777777777777777,0
468.0,0.0,0.0,0.0,-0.4375,0
832.0,0.0,0.0,0.0,0.7777777777777777,0
468.0,0.0,0.0,0.0,-0.4375,0
832.0,0.0,0.0,0.0,0.7777777777777777,0
468.0,0.0,0.0,0.0,-0.4375,0
832.0,0.0,0.0,0.0,0.7777777777777777,0
468.0,0.0,0.0,0.0,-0.4375,0
832.0,0.0,0.0,0.0,0.7777777777777777,0
468.0,0.0,0.0,0.0,-0.4375,0
832.0,0.0,0.0,0.0,0.7777777777777777,0
468.0,0.0,0.0,0.0,-0.4375,0
832.0,0.0,0.0,0.0,0.7777777777777777,0
468.0,0.0,0.0,0.0,-0.4375,0
832.0,0.0,0.0,0.0,0.7777777777777777,0
468.0,0.0,0.0,0.0,-0.4375,0
832.0,0.0,0.0,0.0,0.7777777777777777,0
468.0,0.0,0.0,0.0,-0.4375,0
832.0,0.0,0.0,0.0,0.7777777777777777,0
468.0,0.0,0.0,0.0,-0.4375,0
832.0,0.0,0.0,0.0,0.7777777777777777,0
468.0,0.0,0.0,0.0,-0.4375,0
832.0,0.0,0.0,0.0,0.7777777777777777,0
468.0,0.0,0.0,0.0,-0.4375,0
832.0,0.0,0.0,0.0,0.7777777777777777,0
468.0,0.0,0.0,0.0,-0.4375,0
832.0,0.0,0.0,0.0,0.7777777777777777,0
468.0,0.0,0.0,0.0,-0.4375,0
832.0,0.0,0.0,0.0,0.7777777777777777,0
468.0,0.0,0.0,0.0,-0.4375,0
832.0,0.0,0.0,0.0,0.7777777777777777,0
468.0,0.0,0.0,0.0,-0.4375,0
832.0,0.0,0.0,0.0,0.7777777777777777,0
468.0,0.0,0.0,0.0,-0.4375,0
832.0,0.0,0.0,0.0,0.7777777777777777,0
468.0,0.0,0.0,0.0,-0.4375,0
832.0,0.0,0.0,0.0,0.7777777777777777,0
468.0,0.0,0.0,0.0,-0.4375,0
832.0,0.0,0.0,0.0,0.7777777777777777,0
468.0,0.0,0.0,0.0,-0.4375,0
832.0,0.0,0.0,0.0,0.7777777777777777,0
468.0,0.0,0.0,0.0,-0.4375,0
832.0,0.0,0.0,0.0,0.7777777777777777,0
468.0,0.0,0.0,0.0,-0.4375,0
832.0,0.0,0.0,0.0,0.7777777777777777,0
468.0,0.0,0.0,0.0,-0.4375,0
832.0,0.0,0.0,0.0,0.7777777777777777,0
468.0,0.0,0.0,0.0,-0.4375,0
832.0,0.0,0.0,0.0,0.7777777777777777,0
468.0,0.0,0.0,0.0,-0.4375,0
832.0,0.0,0.0,0.0,0.7777777777777777,0
468.0,0.0,0.0,0.0,-0.4375,0
832.0,0.0,0.0,0.0,0.7777777777777777,0
468.0,0.0,0.0,0.0,-0.4375,0
832.0,0.0,0.0,0.0,0.7777777777777777,0
468.0,0.0,0.0,0.0,-0.4375,0
832.0,0.0,0.0,0.0,0.7777777777777777,0
468.0,0.0,0.0,0.0,-0.4375,0
832.0,0.0,0.0,0.0,0.7777777777777777,0
468.0,0.0,0.0,0.0,-0.4375,0
832.0,0.0,0.0,0.0,0.7777777777777777,0
468.0,0.0,0.0,0.0,-0.4375,0
832.0,0.0,0.0,0.0,0.7777777777777777,0
468.0,0.0,0.0,0.0,-0.4375,0
832.0,0.0,0.0,0.0,0.7777777777777777,0
468.0,0.0,0.0,0.0,-0.4375,0
832.0,0.0,0.0,0.0,0.7777777777777777,0
468.0,0.0,0.0,0.0,-0.4375,0
832.0,0.0,0.0,0.0,0.7777777777777777,0
468.0,0.0,0.0,0.0,-0.4375,0
832.0,0.0,0.0,0.0,0.7777777777777777,0
468.0,0.0,0.0,0.0,-0.4375,0
832.0,0.0,0.0,0.0,0.7777777777777777,0
468.0,0.0,0.0,0.0,-0.4375,0
832.0,0.0,0.0,0.0,0.7777777777777777,0
468.0,0.0,0.0,0.0,-0.4375,0
832.0,0.0,0.0,0.0,0.7777777777777777,0
468.0,0.0,0.0,0.0,-0.4375,0
832.0,0.0,0.0,0.0,0.7777777777777777,0
468.0,0.0,0.0,0.0,-0.4375,0
824.0,0.0,0.0,0.0,0.7606837606837606,0
476.0,0.0,0.0,0.0,-0.4223300970873787,0
798.0,0.0,0.0,0.0,0.6764705882352942,0
502.0,0.0,0.0,0.0,-0.37092731829573933,0
764.0,0.0,0.0,0.0,0.5219123505976095,0
536.0,0.0,0.0,0.0,-0.2984293193717278,0
724.0,0.0,0.0,0.0,0.35074626865671643,0
576.0,0.0,0.0,0.0,-0.20441988950276246,0
702.0,0.0,0.0,0.0,0.21875,0
598.0,0.0,0.0,0.0,-0.14814814814814814,0
702.0,0.0,0.0,0.0,0.17391304347826098,0
598.0,0.0,0.0,0.0,-0.14814814814814814,0
694.0,0.0,0.0,0.0,0.16053511705685608,0
606.0,0.0,0.0,0.0,-0.12680115273775217,0
668.0,0.0,0.0,0.0,0.10231023102310233,0
632.0,0.0,0.0,0.0,-0.053892215568862256,0
650.0,0.0,0.0,0.0,0.028481012658227778,0
650.0,0.0,0.0,0.0,0.0,0
586.0,0.0,0.0,0.0,-0.09846153846153849,0
714.0,0.0,0.0,0.0,0.21843003412969275,0
572.0,0.0,0.0,0.0,-0.19887955182072825,0
728.0,0.0,0.0,0.0,0.2727272727272727,0
572.0,0.0,0.0,0.0,-0.2142857142857143,0
728.0,0.0,0.0,0.0,0.2727272727272727,0
572.0,0.0,0.0,0.0,-0.2142857142857143,0
728.0,0.0,0.0,0.0,0.2727272727272727,0
572.0,0.0,0.0,0.0,-0.2142857142857143,0
728.0,0.0,0.0,0.0,0.2727272727272727,0
572.0,0.0,0.0,0.0,-0.2142857142857143,0
728.0,0.0,0.0,0.0,0.2727272727272727,0
572.0,0.0,0.0,0.0,-0.2142857142857143,0
728.0,0.0,0.0,0.0,0.2727272727272727,0
572.0,0.0,0.0,0.0,-0.2142857142857143,0
728.0,0.0,0.0,0.0,0.2727272727272727,0
572.0,0.0,0.0,0.0,-0.2142857142857143,0
728.0,0.0,0.0,0.0,0.2727272727272727,0
572.0,0.0,0.0,0.0,-0.2142857142857143,0
728.0,0.0,0.0,0.0,0.2727272727272727,0
572.0,0.0,0.0,0.0,-0.2142857142857143,0
728.0,0.0,0.0,0.0,0.2727272727272727,0
572.0,0.0,0.0,0.0,-0.2142857142857143,0
728.0,0.0,0.0,0.0,0.2727272727272727,0
572.0,0.0,0.0,0.0,-0.2142857142857143,0
728.0,0.0,0.0,0.0,0.2727272727272727,0
572.0,0.0,0.0,0.0,-0.2142857142857143,0
728.0,0.0,0.0,0.0,0.2727272727272727,0
572.0,0.0,0.0,0.0,-0.2142857142857143,0
728.0,0.0,0.0,0.0,0.2727272727272727,0
568.0,0.0,0.0,0.0,-0.21978021978021978,0
732.0,0.0,0.0,0.0,0.28873239436619724,0
547.0,0.0,0.0,0.0,-0.2527322404371585,0
753.0,0.0,0.0,0.0,0.376599634369287,0
546.0,0.0,0.0,0.0,-0.2749003984063745,0
754.0,0.0,0.0,0.0,0.38095238095238093,0
546.0,0.0,0.0,0.0,-0.27586206896551724,0
754.0,0.0,0.0,0.0,0.38095238095238093,0
522.0,0.0,0.0,0.0,-0.3076923076923077,0
778.0,0.0,0.0,0.0,0.49042145593869724,0
520.0,0.0,0.0,0.0,-0.3316195372750642,0
780.0,0.0,0.0,0.0,0.5,0
520.0,0.0,0.0,0.0,-0.33333333333333337,0
780.0,0.0,0.0,0.0,0.5,0
520.0,0.0,0.0,0.0,-0.33333333333333337,0
780.0,0.0,0.0,0.0,0.5,0
520.0,0.0,0.0,0.0,-0.33333333333333337,0
780.0,0.0,0.0,0.0,0.5,0
520.0,0.0,0.0,0.0,-0.33333333333333337,0
780.0,0.0,0.0,0.0,0.5,0
520.0,0.0,0.0,0.0,-0.33333333333333337,0
780.0,0.0,0.0,0.0,0.5,0
520.0,0.0,0.0,0.0,-0.33333333333333337,0
780.0,0.0,0.0,0.0,0.5,0
489.0,0.0,0.0,0.0,-0.3730769230769231,0
811.0,0.0,0.0,0.0,0.6584867075664622,0
468.0,0.0,0.0,0.0,-0.4229346485819976,0
832.0,0.0,0.0,0.0,0.7777777777777777,0
468.0,0.0,0.0,0.0,-0.4375,0
832.0,0.0,0.0,0.0,0.7777777777777777,0
468.0,0.0,0.0,0.0,-0.4375,0
832.0,0.0,0.0,0.0,0.7777777777777777,0
468.0,0.0,0.0,0.0,-0.4375,0
832.0,0.0,0.0,0.0,0.7777777777777777,0
468.0,0.0,0.0,0.0,-0.4375,0
832.0,0.0,0.0,0.0,0.7777777777777777,0
468.0,0.0,0.0,0.0,-0.4375,0
832.0,0.0,0.0,0.0,0.7777777777777777,0
468.0,0.0,0.0,0.0,-0.4375,0
832.0,0.0,0.0,0.0,0.7777777777777777,0
468.0,0.0,0.0,0.0,-0.4375,0
832.0,0.0,0.0,0.0,0.7777777777777777,0
468.0,0.0,0.0,0.0,-0.4375,0
832.0,0.0,0.0,0.0,0.7777777777777777,0
468.0,0.0,0.0,0.0,-0.4375,0
832.0,0.0,0.0,0.0,0.7777777777777777,0
468.0,0.0,0.0,0.0,-0.4375,0
832.0,0.0,0.0,0.0,0.7777777777777777,0
468.0,0.0,0.0,0.0,-0.4375,0
832.0,0.0,0.0,0.0,0.7777777777777777,0
468.0,0.0,0.0,0.0,-0.4375,0
832.0,0.0,0.0,0.0,0.7777777777777777,0
468.0,0.0,0.0,0.0,-0.4375,0
832.0,0.0,0.0,0.0,0.7777777777777777,0
468.0,0.0,0.0,0.0,-0.4375,0
832.0,0.0,0.0,0.0,0.7777777777777777,0
468.0,0.0,0.0,0.0,-0.4375,0
832.0,0.0,0.0,0.0,0.7777777777777777,0
468.0,0.0,0.0,0.0,-0.4375,0
832.0,0.0,0.0,0.0,0.7777777777777777,0
468.0,0.0,0.0,0.0,-0.4375,0
832.0,0.0,0.0,0.0,0.7777777777777777,0
468.0,0.0,0.0,0.0,-0.4375,0
832.0,0.0,0.0,0.0,0.7777777777777777,0
468.0,0.0,0.0,0.0,-0.4375,0
832.0,0.0,0.0,0.0,0.7777777777777777,0
468.0,0.0,0.0,0.0,-0.4375,0
832.0,0.0,0.0,0.0,0.7777777777777777,0
468.0,0.0,0.0,0.0,-0.4375,0
832.0,0.0,0.0,0.0,0.7777777777777777,0
468.0,0.0,0.0,0.0,-0.4375,0
832.0,0.0,0.0,0.0,0.7777777777777777,0
468.0,0.0,0.0,0.0,-0.4375,0
832.0,0.0,0.0,0.0,0.7777777777777777,0
468.0,0.0,0.0,0.0,-0.4375,0
832.0,0.0,0.0,0.0,0.7777777777777777,0
468.0,0.0,0.0,0.0,-0.4375,0
832.0,0.0,0.0,0.0,0.7777777777777777,0
468.0,0.0,0.0,0.0,-0.4375,0
832.0,0.0,0.0,0.0,0.7777777777777777,0
468.0,0.0,0.0,0.0,-0.4375,0
832.0,0.0,0.0,0.0,0.7777777777777777,0
468.0,0.0,0.0,0.0,-0.4375,0
832.0,0.0,0.0,0.0,0.7777777777777777,0
468.0,0.0,0.0,0.0,-0.4375,0
832.0,0.0,0.0,0.0,0.7777777777777777,0
468.0,0.0,0.0,0.0,-0.4375,0
832.0,0.0,0.0,0.0,0.7777777777777777,0
468.0,0.0,0.0,0.0,-0.4375,0
832.0,0.0,0.0,0.0,0.7777777777777777,0
468.0,0.0,0.0,0.0,-0.4375,0
832.0,0.0,0.0,0.0,0.7777777777777777,0
468.0,0.0,0.0,0.0,-0.4375,0
832.0,0.0,0.0,0.0,0.7777777777777777,0
468.0,0.0,0.0,0.0,-0.4375,0
832.0,0.0,0.0,0.0,0.7777777777777777,0
468.0,0.0,0.0,0.0,-0.4375,0
832.0,0.0,0.0,0.0,0.7777777777777777,0
468.0,0.0,0.0,0.0,-0.4375,0
832.0,0.0,0.0,0.0,0.7777777777777777,0
468.0,0.0,0.0,0.0,-0.4375,0
832.0,0.0,0.0,0.0,0.7777777777777777,0
468.0,0.0,0.0,0.0,-0.4375,0
832.0,0.0,0.0,0.0,0.7777777777777777,0
468.0,0.0,0.0,0.0,-0.4375,0
832.0,0.0,0.0,0.0,0.7777777777777777,0
468.0,0.0,0.0,0.0,-0.4375,0
832.0,0.0,0.0,0.0,0.7777777777777777,0
468.0,0.0,0.0,0.0,-0.4375,0
832.0,0.0,0.0,0.0,0.7777777777777777,0
468.0,0.0,0.0,0.0,-0.4375,0
832.0,0.0,0.0,0.0,0.7777777777777777,0
468.0,0.0,0.0,0.0,-0.4375,0
832.0,0.0,0.0,0.0,0.7777777777777777,0
468.0,0.0,0.0,0.0,-0.4375,0
832.0,0.0,0.0,0.0,0.7777777777777777,0
414.0,0.0,0.0,0.0,-0.5024038461538461,0
886.0,0.0,0.0,0.0,1.140096618357488,0
364.0,0.0,0.0,0.0,-0.5891647855530474,0
936.0,0.0,0.0,0.0,1.5714285714285716,0
364.0,0.0,0.0,0.0,-0.6111111111111112,0
936.0,0.0,0.0,0.0,1.5714285714285716,0
346.0,0.0,0.0,0.0,0.0,0
260.0,0.0,0.0,0.0,-0.24855491329479773,1
1040.0,0.0,0.0,0.0,3.0,1
260.0,0.0,0.0,0.0,-0.75,1
1040.0,0.0,0.0,0.0,3.0,1
260.0,0.0,0.0,0.0,-0.75,1
1040.0,0.0,0.0,0.0,3.0,0
260.0,0.0,0.0,0.0,-0.75,0
1040.0,0.0,0.0,0.0,3.0,0
260.0,0.0,0.0,0.0,-0.75,0
1040.0,0.0,0.0,0.0,3.0,0
153.0,0.0,0.0,0.0,-0.8528846153846154,1
1147.0,0.0,0.0,0.0,6.496732026143791,1
105.0,0.0,0.0,0.0,-0.9084568439407149,1
1195.0,0.0,0.0,0.0,10.0,1
104.0,0.0,0.0,0.0,-0.9129707112970711,1
1196.0,0.0,0.0,0.0,10.0,0
104.0,0.0,0.0,0.0,-0.9130434782608696,0
1196.0,0.0,0.0,0.0,10.0,0
104.0,0.0,0.0,0.0,-0.9130434782608696,0
1196.0,0.0,0.0,0.0,10.0,0
104.0,0.0,0.0,0.0,-0.9130434782608696,1
1196.0,0.0,0.0,0.0,10.0,1
46.0,0.0,0.0,0.0,-0.9615384615384616,1
1158.0,0.0,0.0,0.0,10.0,1
122.0,0.0,0.0,0.0,-0.8946459412780656,1
1118.0,0.0,0.0,0.0,8.163934426229508,0
166.0,0.0,0.0,0.0,-0.851520572450805,0
1134.0,0.0,0.0,0.0,5.831325301204819,0
156.0,0.0,0.0,0.0,-0.8624338624338624,0
1027.0,0.0,0.0,0.0,5.583333333333333,0
273.0,0.0,0.0,0.0,-0.7341772151898734,1
840.0,0.0,0.0,0.0,2.076923076923077,1
460.0,0.0,0.0,0.0,-0.45238095238095233,1
722.0,0.0,0.0,0.0,0.5695652173913044,1
578.0,0.0,0.0,0.0,-0.19944598337950137,1
624.0,0.0,0.0,0.0,0.0795847750865053,0
676.0,0.0,0.0,0.0,0.08333333333333326,0
624.0,0.0,0.0,0.0,-0.07692307692307687,0
676.0,0.0,0.0,0.0,0.08333333333333326,0
515.0,0.0,0.0,0.0,-0.23816568047337283,0
785.0,0.0,0.0,0.0,0.5242718446601942,1
395.0,0.0,0.0,0.0,-0.4968152866242038,1
905.0,0.0,0.0,0.0,1.2911392405063293,1
375.0,0.0,0.0,0.0,-0.5856353591160222,1
925.0,0.0,0.0,0.0,1.4666666666666668,1
364.0,0.0,0.0,0.0,-0.6064864864864865,0
936.0,0.0,0.0,0.0,1.5714285714285716,0
364.0,0.0,0.0,0.0,-0.6111111111111112,0
936.0,0.0,0.0,0.0,1.5714285714285716,0
319.0,0.0,0.0,0.0,-0.6591880341880342,0
981.0,0.0,0.0,0.0,2.0752351097178683,1
260.0,0.0,0.0,0.0,-0.7349643221202854,1
1040.0,0.0,0.0,0.0,3.0,1
260.0,0.0,0.0,0.0,-0.75,1
1040.0,0.0,0.0,0.0,3.0,1
260.0,0.0,0.0,0.0,-0.75,0
1040.0,0.0,0.0,0.0,3.0,0
260.0,0.0,0.0,0.0,-0.75,0
1040.0,0.0,0.0,0.0,3.0,0
260.0,0.0,0.0,0.0,-0.75,0
1040.0,0.0,0.0,0.0,3.0,1
260.0,0.0,0.0,0.0,-0.75,1
1040.0,0.0,0.0,0.0,3.0,1
260.0,0.0,0.0,0.0,-0.75,1
1040.0,0.0,0.0,0.0,3.0,1
260.0,0.0,0.0,0.0,-0.75,0
1040.0,0.0,0.0,0.0,3.0,0
260.0,0.0,0.0,0.0,-0.75,0
1040.0,0.0,0.0,0.0,3.0,0
260.0,0.0,0.0,0.0,-0.75,0
1040.0,0.0,0.0,0.0,3.0,1
260.0,0.0,0.0,0.0,-0.75,1
995.0,0.0,0.0,0.0,2.826923076923077,1
231.0,0.0,0.0,0.0,-0.7678391959798995,1
1010.0,0.0,0.0,0.0,3.3722943722943723,1
234.0,0.0,0.0,0.0,-0.7683168316831683,0
1066.0,0.0,0.0,0.0,3.5555555555555554,0
234.0,0.0,0.0,0.0,-0.7804878048780488,0
1050.0,0.0,0.0,0.0,3.4871794871794872,0
225.0,0.0,0.0,0.0,-0.7857142857142857,0
735.0,0.0,0.0,0.0,2.2666666666666666,1
564.0,0.0,0.0,0.0,-0.2326530612244898,1
515.0,0.0,0.0,0.0,-0.08687943262411346,1
785.0,0.0,0.0,0.0,0.5242718446601942,1
468.0,0.0,0.0,0.0,-0.40382165605095544,1
832.0,0.0,0.0,0.0,0.7777777777777777,0
449.0,0.0,0.0,0.0,-0.46033653846153844,0
851.0,0.0,0.0,0.0,0.8953229398663698,0
434.0,0.0,0.0,0.0,-0.4900117508813161,0
834.0,0.0,0.0,0.0,0.9216589861751152,0
371.0,0.0,0.0,0.0,-0.5551558752997602,1
893.0,0.0,0.0,0.0,1.4070080862533692,1
331.0,0.0,0.0,0.0,-0.6293393057110862,1
934.0,0.0,0.0,0.0,1.821752265861027,1
363.0,0.0,0.0,0.0,-0.6113490364025695,1
936.0,0.0,0.0,0.0,1.5785123966942147,1
364.0,0.0,0.0,0.0,-0.6111111111111112,0
936.0,0.0,0.0,0.0,1.5714285714285716,0
364.0,0.0,0.0,0.0,-0.6111111111111112,0
936.0,0.0,0.0,0.0,1.5714285714285716,0
221.0,0.0,0.0,0.0,-0.7638888888888888,0
131.0,0.0,0.0,0.0,-0.4072398190045249,1
1051.0,0.0,0.0,0.0,7.022900763358779,1
19.0,0.0,0.0,0.0,-0.9819219790675547,1
695.0,0.0,0.0,0.0,10.0,1
586.0,0.0,0.0,0.0,-0.15683453237410072,1
234.0,0.0,0.0,0.0,-0.6006825938566553,0
1066.0,0.0,0.0,0.0,3.5555555555555554,0
234.0,0.0,0.0,0.0,-0.7804878048780488,0
1066.0,0.0,0.0,0.0,3.5555555555555554,0
230.0,0.0,0.0,0.0,-0.7842401500938087,0
586.0,0.0,0.0,0.0,1.5478260869565217,1
358.0,0.0,0.0,0.0,-0.3890784982935154,1
308.0,0.0,0.0,0.0,-0.13966480446927376,1
418.0,0.0,0.0,0.0,0.3571428571428572,1
882.0,0.0,0.0,0.0,1.1100478468899522,1
1300.0,0.0,0.0,0.0,0.473922902494331,0
1300.0,0.0,0.0,0.0,0.0,0
99.0,0.0,0.0,0.0,-0.9238461538461539,1
1045.0,0.0,0.0,0.0,9.555555555555555,1
121.0,0.0,0.0,0.0,-0.8842105263157894,1
474.0,0.0,0.0,0.0,2.9173553719008263,1
822.0,0.0,0.0,0.0,0.7341772151898733,1
130.0,0.0,0.0,0.0,-0.8418491484184915,0
1170.0,0.0,0.0,0.0,8.0,0
130.0,0.0,0.0,0.0,-0.8888888888888888,0
1170.0,0.0,0.0,0.0,8.0,0
130.0,0.0,0.0,0.0,-0.8888888888888888,0
617.0,0.0,0.0,0.0,3.746153846153846,1
800.0,0.0,0.0,0.0,0.29659643435980554,1
93.0,0.0,0.0,0.0,-0.88375,1
468.0,0.0,0.0,0.0,4.032258064516129,1
765.0,0.0,0.0,0.0,0.6346153846153846,1
494.0,0.0,0.0,0.0,-0.35424836601307186,0
806.0,0.0,0.0,0.0,0.631578947368421,0
494.0,0.0,0.0,0.0,-0.3870967741935484,0
806.0,0.0,0.0,0.0,0.631578947368421,0
306.0,0.0,0.0,0.0,-0.620347394540943,0
290.0,0.0,0.0,0.0,-0.05228758169934644,1
468.0,0.0,0.0,0.0,0.6137931034482758,1
542.0,0.0,0.0,0.0,0.15811965811965822,1
114.0,0.0,0.0,0.0,-0.7896678966789668,1
1190.0,0.0,0.0,0.0,9.43859649122807,1
104.0,0.0,0.0,0.0,-0.9126050420168067,0
1196.0,0.0,0.0,0.0,10.0,0
104.0,0.0,0.0,0.0,-0.9130434782608696,0
1196.0,0.0,0.0,0.0,10.0,0
9.0,0.0,0.0,0.0,-0.9924749163879598,0
107.0,0.0,0.0,0.0,10.0,1
771.0,0.0,0.0,0.0,6.205607476635514,1
445.0,0.0,0.0,0.0,-0.4228274967574579,1
142.0,0.0,0.0,0.0,-0.6808988764044943,1
1158.0,0.0,0.0,0.0,7.154929577464788,1
130.0,0.0,0.0,0.0,-0.8877374784110535,0
1170.0,0.0,0.0,0.0,8.0,0
130.0,0.0,0.0,0.0,-0.8888888888888888,0
1170.0,0.0,0.0,0.0,8.0,0
60.0,0.0,0.0,0.0,-0.9487179487179487,0
410.0,0.0,0.0,0.0,5.833333333333333,1
221.0,0.0,0.0,0.0,-0.4609756097560975,1
661.0,0.0,0.0,0.0,1.990950226244344,1
73.0,0.0,0.0,0.0,-0.8895612708018155,1
1227.0,0.0,0.0,0.0,10.0,1
26.0,0.0,0.0,0.0,-0.9788101059494703,0
1274.0,0.0,0.0,0.0,10.0,0
26.0,0.0,0.0,0.0,-0.9795918367346939,0
1274.0,0.0,0.0,0.0,10.0,0
10.0,0.0,0.0,0.0,-0.9921507064364207,0
218.0,0.0,0.0,0.0,10.0,1
207.0,0.0,0.0,0.0,-0.050458715596330306,1
806.0,0.0,0.0,0.0,2.893719806763285,1
17.0,0.0,0.0,0.0,-0.9789081885856079,1
1258.0,0.0,0.0,0.0,10.0,1
1299.0,0.0,0.0,0.0,0.03259141494435602,0
1300.0,0.0,0.0,0.0,0.0007698229407235857,0
70.0,0.0,0.0,0.0,-0.9461538461538461,1
259.0,0.0,0.0,0.0,2.7,1
961.0,0.0,0.0,0.0,2.7104247104247103,1
37.0,0.0,0.0,0.0,-0.9614984391259105,1
1263.0,0.0,0.0,0.0,10.0,1
1300.0,0.0,0.0,0.0,0.029295328582739533,0
1300.0,0.0,0.0,0.0,0.0,0
172.0,0.0,0.0,0.0,-0.8676923076923077,1
50.0,0.0,0.0,0.0,-0.7093023255813953,1
1066.0,0.0,0.0,0.0,10.0,1
42.0,0.0,0.0,0.0,-0.9606003752345216,1
1290.0,0.0,0.0,0.0,10.0,1
1300.0,0.0,0.0,0.0,0.007751937984496138,0
1300.0,0.0,0.0,0.0,0.0,0
13.0,0.0,0.0,0.0,-0.99,1
50.0,0.0,0.0,0.0,2.8461538461538463,1
1175.0,0.0,0.0,0.0,10.0,1
52.0,0.0,0.0,0.0,-0.9557446808510638,0
1247.0,0.0,0.0,0.0,10.0,0
44.0,0.0,0.0,0.0,-0.9647153167602245,0
1256.0,0.0,0.0,0.0,10.0,0
11.0,0.0,0.0,0.0,-0.9912420382165605,0
1250.0,0.0,0.0,0.0,10.0,1
1300.0,0.0,0.0,0.0,0.040000000000000036,0
1300.0,0.0,0.0,0.0,0.0,0
11.0,0.0,0.0,0.0,-0.9915384615384616,0
1250.0,0.0,0.0,0.0,10.0,1
1300.0,0.0,0.0,0.0,0.040000000000000036,0
1300.0,0.0,0.0,0.0,0.0,0
11.0,0.0,0.0,0.0,-0.9915384615384616,0
1208.0,0.0,0.0,0.0,10.0,1
250.0,0.0,0.0,0.0,-0.793046357615894,0
1040.0,0.0,0.0,0.0,3.16,0
260.0,0.0,0.0,0.0,-0.75,0
1040.0,0.0,0.0,0.0,3.0,0
260.0,0.0,0.0,0.0,-0.75,0
11.0,0.0,0.0,0.0,-0.9576923076923077,1
1250.0,0.0,0.0,0.0,10.0,1
1300.0,0.0,0.0,0.0,0.040000000000000036,0
1300.0,0.0,0.0,0.0,0.0,0
11.0,0.0,0.0,0.0,-0.9915384615384616,1
1250.0,0.0,0.0,0.0,10.0,1
1300.0,0.0,0.0,0.0,0.040000000000000036,0
1300.0,0.0,0.0,0.0,0.0,0
11.0,0.0,0.0,0.0,-0.9915384615384616,1
1200.0,0.0,0.0,0.0,10.0,1
50.0,0.0,0.0,0.0,-0.9583333333333334,0
1248.0,0.0,0.0,0.0,10.0,0
52.0,0.0,0.0,0.0,-0.9583333333333334,0
1248.0,0.0,0.0,0.0,10.0,0
52.0,0.0,0.0,0.0,-0.9583333333333334,0
11.0,0.0,0.0,0.0,-0.7884615384615384,1
1225.0,0.0,0.0,0.0,10.0,1
25.0,0.0,0.0,0.0,-0.9795918367346939,0
1274.0,0.0,0.0,0.0,10.0,0
26.0,0.0,0.0,0.0,-0.9795918367346939,0
1274.0,0.0,0.0,0.0,10.0,0
26.0,0.0,0.0,0.0,-0.9795918367346939,0
11.0,0.0,0.0,0.0,-0.5769230769230769,1
1175.0,0.0,0.0,0.0,10.0,1
50.0,0.0,0.0,0.0,-0.9574468085106383,0
1247.0,0.0,0.0,0.0,10.0,0
52.0,0.0,0.0,0.0,-0.9582999198075381,0
1248.0,0.0,0.0,0.0,10.0,0
52.0,0.0,0.0,0.0,-0.9583333333333334,0
11.0,0.0,0.0,0.0,-0.7884615384615384,1
1150.0,0.0,0.0,0.0,10.0,1
100.0,0.0,0.0,0.0,-0.9130434782608696,0
579.0,0.0,0.0,0.0,4.79,0
721.0,0.0,0.0,0.0,0.24525043177892925,0
260.0,0.0,0.0,0.0,-0.6393897364771151,0
1040.0,0.0,0.0,0.0,3.0,0
9.0,0.0,0.0,0.0,-0.9913461538461539,1
800.0,0.0,0.0,0.0,10.0,0
452.0,0.0,0.0,0.0,-0.43500000000000005,0
312.0,0.0,0.0,0.0,-0.3097345132743363,0
988.0,0.0,0.0,0.0,2.1666666666666665,0
312.0,0.0,0.0,0.0,-0.6842105263157895,0
962.0,0.0,0.0,0.0,2.0833333333333335,1
3.0,0.0,0.0,0.0,-0.9968814968814969,1
258.0,0.0,0.0,0.0,10.0,0
1000.0,0.0,0.0,0.0,2.875968992248062,0
260.0,0.0,0.0,0.0,-0.74,0
1040.0,0.0,0.0,0.0,3.0,0
260.0,0.0,0.0,0.0,-0.75,0
1040.0,0.0,0.0,0.0,3.0,1
236.0,0.0,0.0,0.0,-0.7730769230769231,1
1025.0,0.0,0.0,0.0,3.343220338983051,0
234.0,0.0,0.0,0.0,-0.7717073170731708,0
1066.0,0.0,0.0,0.0,3.5555555555555554,0
234.0,0.0,0.0,0.0,-0.7804878048780488,0
1066.0,0.0,0.0,0.0,3.5555555555555554,0
186.0,0.0,0.0,0.0,-0.8255159474671669,1
1075.0,0.0,0.0,0.0,4.779569892473118,0
182.0,0.0,0.0,0.0,-0.8306976744186046,0
1118.0,0.0,0.0,0.0,5.142857142857143,0
182.0,0.0,0.0,0.0,-0.8372093023255813,0
1118.0,0.0,0.0,0.0,5.142857142857143,0
261.0,0.0,0.0,0.0,-0.7665474060822898,1
975.0,0.0,0.0,0.0,2.735632183908046,0
285.0,0.0,0.0,0.0,-0.7076923076923076,0
1014.0,0.0,0.0,0.0,2.557894736842105,0
286.0,0.0,0.0,0.0,-0.717948717948718,0
1014.0,0.0,0.0,0.0,2.5454545454545454,0
286.0,0.0,0.0,0.0,-0.717948717948718,1
950.0,0.0,0.0,0.0,2.3216783216783217,0
311.0,0.0,0.0,0.0,-0.6726315789473685,0
988.0,0.0,0.0,0.0,2.1768488745980705,0
312.0,0.0,0.0,0.0,-0.6842105263157895,0
988.0,0.0,0.0,0.0,2.1666666666666665,0
161.0,0.0,0.0,0.0,-0.8370445344129555,1
1075.0,0.0,0.0,0.0,5.6770186335403725,0
181.0,0.0,0.0,0.0,-0.8316279069767442,0
1118.0,0.0,0.0,0.0,5.176795580110498,0
182.0,0.0,0.0,0.0,-0.8372093023255813,0
1118.0,0.0,0.0,0.0,5.142857142857143,0
136.0,0.0,0.0,0.0,-0.8783542039355993,1
1125.0,0.0,0.0,0.0,7.272058823529411,0
130.0,0.0,0.0,0.0,-0.8844444444444445,0
1170.0,0.0,0.0,0.0,8.0,0
130.0,0.0,0.0,0.0,-0.8888888888888888,0
1170.0,0.0,0.0,0.0,8.0,0
186.0,0.0,0.0,0.0,-0.841025641025641,1
1075.0,0.0,0.0,0.0,4.779569892473118,0
182.0,0.0,0.0,0.0,-0.8306976744186046,0
1118.0,0.0,0.0,0.0,5.142857142857143,0
182.0,0.0,0.0,0.0,-0.8372093023255813,0
1118.0,0.0,0.0,0.0,5.142857142857143,0
86.0,0.0,0.0,0.0,-0.9230769230769231,1
1175.0,0.0,0.0,0.0,10.0,0
78.0,0.0,0.0,0.0,-0.9336170212765957,0
1222.0,0.0,0.0,0.0,10.0,0
78.0,0.0,0.0,0.0,-0.9361702127659575,0
1222.0,0.0,0.0,0.0,10.0,0
78.0,0.0,0.0,0.0,-0.9361702127659575,1
1222.0,0.0,0.0,0.0,10.0,1
78.0,0.0,0.0,0.0,-0.9361702127659575,1
1222.0,0.0,0.0,0.0,10.0,1
78.0,0.0,0.0,0.0,-0.9361702127659575,1
1222.0,0.0,0.0,0.0,10.0,0
78.0,0.0,0.0,0.0,-0.9361702127659575,0
1222.0,0.0,0.0,0.0,10.0,0
78.0,0.0,0.0,0.0,-0.9361702127659575,0
1222.0,0.0,0.0,0.0,10.0,0
78.0,0.0,0.0,0.0,-0.9361702127659575,1
1222.0,0.0,0.0,0.0,10.0,1
53.0,0.0,0.0,0.0,-0.9566284779050737,1
1247.0,0.0,0.0,0.0,10.0,1
52.0,0.0,0.0,0.0,-0.9582999198075381,1
1248.0,0.0,0.0,0.0,10.0,0
52.0,0.0,0.0,0.0,-0.9583333333333334,0
1248.0,0.0,0.0,0.0,10.0,0
52.0,0.0,0.0,0.0,-0.9583333333333334,0
1248.0,0.0,0.0,0.0,10.0,0
52.0,0.0,0.0,0.0,-0.9583333333333334,1
1248.0,0.0,0.0,0.0,10.0,1
25.0,0.0,0.0,0.0,-0.9799679487179487,1
1275.0,0.0,0.0,0.0,10.0,1
10.0,0.0,0.0,0.0,-0.9921568627450981,1
1290.0,0.0,0.0,0.0,10.0,0
1300.0,0.0,0.0,0.0,0.007751937984496138,0
1300.0,0.0,0.0,0.0,0.0,0
1300.0,0.0,0.0,0.0,0.0,1
1300.0,0.0,0.0,0.0,0.0,1
1300.0,0.0,0.0,0.0,0.0,0
1300.0,0.0,0.0,0.0,0.0,0
1300.0,0.0,0.0,0.0,0.0,0
1300.0,0.0,0.0,0.0,0.0,1
1300.0,0.0,0.0,0.0,0.0,1
1300.0,0.0,0.0,0.0,0.0,0
1300.0,0.0,0.0,0.0,0.0,0
1300.0,0.0,0.0,0.0,0.0,0
1300.0,0.0,0.0,0.0,0.0,1
1300.0,0.0,0.0,0.0,0.0,1
1300.0,0.0,0.0,0.0,0.0,0
1300.0,0.0,0.0,0.0,0.0,0
1300.0,0.0,0.0,0.0,0.0,0
1300.0,0.0,0.0,0.0,0.0,1
1300.0,0.0,0.0,0.0,0.0,1
1300.0,0.0,0.0,0.0,0.0,0
1300.0,0.0,0.0,0.0,0.0,0
1300.0,0.0,0.0,0.0,0.0,0
1275.0,0.0,0.0,0.0,-0.019230769230769273,1
25.0,0.0,0.0,0.0,-0.9803921568627451,1
1209.0,0.0,0.0,0.0,10.0,1
91.0,0.0,0.0,0.0,-0.9247311827956989,1
1196.0,0.0,0.0,0.0,10.0,1
104.0,0.0,0.0,0.0,-0.9130434782608696,0
1196.0,0.0,0.0,0.0,10.0,0
104.0,0.0,0.0,0.0,-0.9130434782608696,0
1196.0,0.0,0.0,0.0,10.0,0
104.0,0.0,0.0,0.0,-0.9130434782608696,0
1171.0,0.0,0.0,0.0,10.0,1
129.0,0.0,0.0,0.0,-0.8898377455166524,1
1144.0,0.0,0.0,0.0,7.868217054263566,1
156.0,0.0,0.0,0.0,-0.8636363636363636,1
1120.0,0.0,0.0,0.0,6.17948717948718,1
180.0,0.0,0.0,0.0,-0.8392857142857143,0
1092.0,0.0,0.0,0.0,5.066666666666666,0
208.0,0.0,0.0,0.0,-0.8095238095238095,0
1092.0,0.0,0.0,0.0,4.25,0
208.0,0.0,0.0,0.0,-0.8095238095238095,0
1068.0,0.0,0.0,0.0,4.134615384615385,1
232.0,0.0,0.0,0.0,-0.7827715355805244,1
1017.0,0.0,0.0,0.0,3.3836206896551726,1
283.0,0.0,0.0,0.0,-0.7217305801376598,1
980.0,0.0,0.0,0.0,2.462897526501767,1
320.0,0.0,0.0,0.0,-0.6734693877551021,0
962.0,0.0,0.0,0.0,2.00625,0
338.0,0.0,0.0,0.0,-0.6486486486486487,0
958.0,0.0,0.0,0.0,1.834319526627219,0
342.0,0.0,0.0,0.0,-0.6430062630480167,0
937.0,0.0,0.0,0.0,1.7397660818713452,1
363.0,0.0,0.0,0.0,-0.6125933831376734,1
936.0,0.0,0.0,0.0,1.5785123966942147,1
364.0,0.0,0.0,0.0,-0.6111111111111112,1
928.0,0.0,0.0,0.0,1.5494505494505493,1
372.0,0.0,0.0,0.0,-0.5991379310344828,0
894.0,0.0,0.0,0.0,1.403225806451613,0
406.0,0.0,0.0,0.0,-0.5458612975391499,0
868.0,0.0,0.0,0.0,1.1379310344827585,0
432.0,0.0,0.0,0.0,-0.5023041474654377,0
858.0,0.0,0.0,0.0,0.9861111111111112,1
442.0,0.0,0.0,0.0,-0.48484848484848486,1
858.0,0.0,0.0,0.0,0.9411764705882353,1
442.0,0.0,0.0,0.0,-0.48484848484848486,1
858.0,0.0,0.0,0.0,0.9411764705882353,1
442.0,0.0,0.0,0.0,-0.48484848484848486,0
834.0,0.0,0.0,0.0,0.8868778280542986,0
466.0,0.0,0.0,0.0,-0.44124700239808157,0
813.0,0.0,0.0,0.0,0.7446351931330473,0
487.0,0.0,0.0,0.0,-0.4009840098400984,0
790.0,0.0,0.0,0.0,0.62217659137577,1
510.0,0.0,0.0,0.0,-0.35443037974683544,1
780.0,0.0,0.0,0.0,0.5294117647058822,1
520.0,0.0,0.0,0.0,-0.33333333333333337,1
780.0,0.0,0.0,0.0,0.5,1
520.0,0.0,0.0,0.0,-0.33333333333333337,0
780.0,0.0,0.0,0.0,0.5,0
520.0,0.0,0.0,0.0,-0.33333333333333337,0
780.0,0.0,0.0,0.0,0.5,0
520.0,0.0,0.0,0.0,-0.33333333333333337,0
756.0,0.0,0.0,0.0,0.4538461538461538,1
544.0,0.0,0.0,0.0,-0.28042328042328046,1
730.0,0.0,0.0,0.0,0.34191176470588225,1
570.0,0.0,0.0,0.0,-0.2191780821917808,1
728.0,0.0,0.0,0.0,0.2771929824561403,1
572.0,0.0,0.0,0.0,-0.2142857142857143,0
705.0,0.0,0.0,0.0,0.2325174825174825,0
595.0,0.0,0.0,0.0,-0.15602836879432624,0
694.0,0.0,0.0,0.0,0.16638655462184881,0
606.0,0.0,0.0,0.0,-0.12680115273775217,0
676.0,0.0,0.0,0.0,0.11551155115511547,1
624.0,0.0,0.0,0.0,-0.07692307692307687,1
676.0,0.0,0.0,0.0,0.08333333333333326,1
624.0,0.0,0.0,0.0,-0.07692307692307687,1
653.0,0.0,0.0,0.0,0.04647435897435903,1
647.0,0.0,0.0,0.0,-0.009188361408882129,0
650.0,0.0,0.0,0.0,0.004636785162287493,0
650.0,0.0,0.0,0.0,0.0,0
650.0,0.0,0.0,0.0,0.0,0
650.0,0.0,0.0,0.0,0.0,0
650.0,0.0,0.0,0.0,0.0,1
650.0,0.0,0.0,0.0,0.0,1
634.0,0.0,0.0,0.0,-0.024615384615384595,1
666.0,0.0,0.0,0.0,0.050473186119873725,1
616.0,0.0,0.0,0.0,-0.07507507507507505,1
684.0,0.0,0.0,0.0,0.11038961038961048,0
598.0,0.0,0.0,0.0,-0.1257309941520468,0
702.0,0.0,0.0,0.0,0.17391304347826098,0
598.0,0.0,0.0,0.0,-0.14814814814814814,0
702.0,0.0,0.0,0.0,0.17391304347826098,0
598.0,0.0,0.0,0.0,-0.14814814814814814,1
702.0,0.0,0.0,0.0,0.17391304347826098,1
590.0,0.0,0.0,0.0,-0.15954415954415957,1
710.0,0.0,0.0,0.0,0.20338983050847448,1
572.0,0.0,0.0,0.0,-0.19436619718309855,1
728.0,0.0,0.0,0.0,0.2727272727272727,0
572.0,0.0,0.0,0.0,-0.2142857142857143,0
728.0,0.0,0.0,0.0,0.2727272727272727,0
572.0,0.0,0.0,0.0,-0.2142857142857143,0
728.0,0.0,0.0,0.0,0.2727272727272727,0
549.0,0.0,0.0,0.0,-0.2458791208791209,1
751.0,0.0,0.0,0.0,0.3679417122040072,1
498.0,0.0,0.0,0.0,-0.33688415446071907,1
802.0,0.0,0.0,0.0,0.6104417670682731,1
494.0,0.0,0.0,0.0,-0.3840399002493765,1
806.0,0.0,0.0,0.0,0.631578947368421,0
494.0,0.0,0.0,0.0,-0.3870967741935484,0
806.0,0.0,0.0,0.0,0.631578947368421,0
494.0,0.0,0.0,0.0,-0.3870967741935484,0
806.0,0.0,0.0,0.0,0.631578947368421,0
486.0,0.0,0.0,0.0,-0.39702233250620345,1
814.0,0.0,0.0,0.0,0.6748971193415638,1
468.0,0.0,0.0,0.0,-0.4250614250614251,1
832.0,0.0,0.0,0.0,0.7777777777777777,1
468.0,0.0,0.0,0.0,-0.4375,1
832.0,0.0,0.0,0.0,0.7777777777777777,1
460.0,0.0,0.0,0.0,-0.4471153846153846,0
840.0,0.0,0.0,0.0,0.826086956521739,0
442.0,0.0,0.0,0.0,-0.4738095238095238,0
858.0,0.0,0.0,0.0,0.9411764705882353,0
426.0,0.0,0.0,0.0,-0.5034965034965035,0
874.0,0.0,0.0,0.0,1.051643192488263,1
416.0,0.0,0.0,0.0,-0.5240274599542334,1
884.0,0.0,0.0,0.0,1.125,1
400.0,0.0,0.0,0.0,-0.5475113122171946,1
900.0,0.0,0.0,0.0,1.25,1
355.0,0.0,0.0,0.0,-0.6055555555555556,0
945.0,0.0,0.0,0.0,1.6619718309859155,0
313.0,0.0,0.0,0.0,-0.6687830687830687,0
987.0,0.0,0.0,0.0,2.1533546325878596,0
312.0,0.0,0.0,0.0,-0.6838905775075987,0
988.0,0.0,0.0,0.0,2.1666666666666665,0
312.0,0.0,0.0,0.0,-0.6842105263157895,0
988.0,0.0,0.0,0.0,2.1666666666666665,0
312.0,0.0,0.0,0.0,-0.6842105263157895,0
988.0,0.0,0.0,0.0,2.1666666666666665,0
312.0,0.0,0.0,0.0,-0.6842105263157895,0
988.0,0.0,0.0,0.0,2.1666666666666665,0
312.0,0.0,0.0,0.0,-0.6842105263157895,0
988.0,0.0,0.0,0.0,2.1666666666666665,0
312.0,0.0,0.0,0.0,-0.6842105263157895,0
988.0,0.0,0.0,0.0,2.1666666666666665,0
312.0,0.0,0.0,0.0,-0.6842105263157895,0
988.0,0.0,0.0,0.0,2.1666666666666665,0
312.0,0.0,0.0,0.0,-0.6842105263157895,0
988.0,0.0,0.0,0.0,2.1666666666666665,0
312.0,0.0,0.0,0.0,-0.6842105263157895,0
988.0,0.0,0.0,0.0,2.1666666666666665,0
312.0,0.0,0.0,0.0,-0.6842105263157895,0
988.0,0.0,0.0,0.0,2.1666666666666665,0
312.0,0.0,0.0,0.0,-0.6842105263157895,0
988.0,0.0,0.0,0.0,2.1666666666666665,0
312.0,0.0,0.0,0.0,-0.6842105263157895,0
988.0,0.0,0.0,0.0,2.1666666666666665,0
288.0,0.0,0.0,0.0,-0.708502024291498,0
1012.0,0.0,0.0,0.0,2.513888888888889,0
286.0,0.0,0.0,0.0,-0.7173913043478262,0
1014.0,0.0,0.0,0.0,2.5454545454545454,0
286.0,0.0,0.0,0.0,-0.717948717948718,0
1014.0,0.0,0.0,0.0,2.5454545454545454,0
286.0,0.0,0.0,0.0,-0.717948717948718,0
1014.0,0.0,0.0,0.0,2.5454545454545454,0
262.0,0.0,0.0,0.0,-0.7416173570019724,0
1038.0,0.0,0.0,0.0,2.9618320610687023,0
260.0,0.0,0.0,0.0,-0.7495183044315992,0
1040.0,0.0,0.0,0.0,3.0,0
260.0,0.0,0.0,0.0,-0.75,0
1040.0,0.0,0.0,0.0,3.0,0
244.0,0.0,0.0,0.0,-0.7653846153846153,0
1056.0,0.0,0.0,0.0,3.3278688524590168,0
234.0,0.0,0.0,0.0,-0.7784090909090909,0
1066.0,0.0,0.0,0.0,3.5555555555555554,0
234.0,0.0,0.0,0.0,-0.7804878048780488,0
1066.0,0.0,0.0,0.0,3.5555555555555554,0
234.0,0.0,0.0,0.0,-0.7804878048780488,0
1066.0,0.0,0.0,0.0,3.5555555555555554,0
234.0,0.0,0.0,0.0,-0.7804878048780488,0
1066.0,0.0,0.0,0.0,3.5555555555555554,0
234.0,0.0,0.0,0.0,-0.7804878048780488,0
1066.0,0.0,0.0,0.0,3.5555555555555554,0
234.0,0.0,0.0,0.0,-0.7804878048780488,0
1066.0,0.0,0.0,0.0,3.5555555555555554,0
234.0,0.0,0.0,0.0,-0.7804878048780488,0
1066.0,0.0,0.0,0.0,3.5555555555555554,0
234.0,0.0,0.0,0.0,-0.7804878048780488,0
1066.0,0.0,0.0,0.0,3.5555555555555554,0
217.0,0.0,0.0,0.0,-0.7964352720450282,0
1083.0,0.0,0.0,0.0,3.990783410138249,0
208.0,0.0,0.0,0.0,-0.8079409048938135,0
1092.0,0.0,0.0,0.0,4.25,0
208.0,0.0,0.0,0.0,-0.8095238095238095,0
1092.0,0.0,0.0,0.0,4.25,0
208.0,0.0,0.0,0.0,-0.8095238095238095,0
1092.0,0.0,0.0,0.0,4.25,0
208.0,0.0,0.0,0.0,-0.8095238095238095,0
1092.0,0.0,0.0,0.0,4.25,0
208.0,0.0,0.0,0.0,-0.8095238095238095,0
1092.0,0.0,0.0,0.0,4.25,0
208.0,0.0,0.0,0.0,-0.8095238095238095,0
1092.0,0.0,0.0,0.0,4.25,0
208.0,0.0,0.0,0.0,-0.8095238095238095,0
1092.0,0.0,0.0,0.0,4.25,0
208.0,0.0,0.0,0.0,-0.8095238095238095,0
1092.0,0.0,0.0,0.0,4.25,0
208.0,0.0,0.0,0.0,-0.8095238095238095,0
1092.0,0.0,0.0,0.0,4.25,0
208.0,0.0,0.0,0.0,-0.8095238095238095,0
1092.0,0.0,0.0,0.0,4.25,0
208.0,0.0,0.0,0.0,-0.8095238095238095,0
1092.0,0.0,0.0,0.0,4.25,0
189.0,0.0,0.0,0.0,-0.8269230769230769,0
1111.0,0.0,0.0,0.0,4.878306878306878,0
182.0,0.0,0.0,0.0,-0.8361836183618362,0
1118.0,0.0,0.0,0.0,5.142857142857143,0
182.0,0.0,0.0,0.0,-0.8372093023255813,0
1118.0,0.0,0.0,0.0,5.142857142857143,0
182.0,0.0,0.0,0.0,-0.8372093023255813,0
1118.0,0.0,0.0,0.0,5.142857142857143,0
182.0,0.0,0.0,0.0,-0.8372093023255813,0
1118.0,0.0,0.0,0.0,5.142857142857143,0
182.0,0.0,0.0,0.0,-0.8372093023255813,0
1118.0,0.0,0.0,0.0,5.142857142857143,0
182.0,0.0,0.0,0.0,-0.8372093023255813,0
1118.0,0.0,0.0,0.0,5.142857142857143,0
182.0,0.0,0.0,0.0,-0.8372093023255813,0
1118.0,0.0,0.0,0.0,5.142857142857143,0
182.0,0.0,0.0,0.0,-0.8372093023255813,0
1118.0,0.0,0.0,0.0,5.142857142857143,0
182.0,0.0,0.0,0.0,-0.8372093023255813,0
1118.0,0.0,0.0,0.0,5.142857142857143,0
182.0,0.0,0.0,0.0,-0.8372093023255813,0
1118.0,0.0,0.0,0.0,5.142857142857143,0
182.0,0.0,0.0,0.0,-0.8372093023255813,0
1118.0,0.0,0.0,0.0,5.142857142857143,0
182.0,0.0,0.0,0.0,-0.8372093023255813,0
1118.0,0.0,0.0,0.0,5.142857142857143,0
182.0,0.0,0.0,0.0,-0.8372093023255813,0
1118.0,0.0,0.0,0.0,5.142857142857143,0
182.0,0.0,0.0,0.0,-0.8372093023255813,0
1118.0,0.0,0.0,0.0,5.142857142857143,0
182.0,0.0,0.0,0.0,-0.8372093023255813,0
1118.0,0.0,0.0,0.0,5.142857142857143,0
182.0,0.0,0.0,0.0,-0.8372093023255813,0
1118.0,0.0,0.0,0.0,5.142857142857143,0
182.0,0.0,0.0,0.0,-0.8372093023255813,0
1118.0,0.0,0.0,0.0,5.142857142857143,0
182.0,0.0,0.0,0.0,-0.8372093023255813,0
1118.0,0.0,0.0,0.0,5.142857142857143,0
182.0,0.0,0.0,0.0,-0.8372093023255813,0
1118.0,0.0,0.0,0.0,5.142857142857143,0
182.0,0.0,0.0,0.0,-0.8372093023255813,0
1118.0,0.0,0.0,0.0,5.142857142857143,0
182.0,0.0,0.0,0.0,-0.8372093023255813,0
1118.0,0.0,0.0,0.0,5.142857142857143,0
182.0,0.0,0.0,0.0,-0.8372093023255813,0
1118.0,0.0,0.0,0.0,5.142857142857143,0
182.0,0.0,0.0,0.0,-0.8372093023255813,0
1118.0,0.0,0.0,0.0,5.142857142857143,0
182.0,0.0,0.0,0.0,-0.8372093023255813,0
1118.0,0.0,0.0,0.0,5.142857142857143,0
182.0,0.0,0.0,0.0,-0.8372093023255813,0
1118.0,0.0,0.0,0.0,5.142857142857143,0
182.0,0.0,0.0,0.0,-0.8372093023255813,0
1118.0,0.0,0.0,0.0,5.142857142857143,0
182.0,0.0,0.0,0.0,-0.8372093023255813,0
1118.0,0.0,0.0,0.0,5.142857142857143,0
182.0,0.0,0.0,0.0,-0.8372093023255813,0
1118.0,0.0,0.0,0.0,5.142857142857143,0
182.0,0.0,0.0,0.0,-0.8372093023255813,0
1118.0,0.0,0.0,0.0,5.142857142857143,0
182.0,0.0,0.0,0.0,-0.8372093023255813,0
1118.0,0.0,0.0,0.0,5.142857142857143,0
182.0,0.0,0.0,0.0,-0.8372093023255813,0
1118.0,0.0,0.0,0.0,5.142857142857143,0
163.0,0.0,0.0,0.0,-0.8542039355992844,0
1137.0,0.0,0.0,0.0,5.975460122699387,0
156.0,0.0,0.0,0.0,-0.8627968337730871,0
1144.0,0.0,0.0,0.0,6.333333333333333,0
156.0,0.0,0.0,0.0,-0.8636363636363636,0
1144.0,0.0,0.0,0.0,6.333333333333333,0
156.0,0.0,0.0,0.0,-0.8636363636363636,0
1144.0,0.0,0.0,0.0,6.333333333333333,0
156.0,0.0,0.0,0.0,-0.8636363636363636,0
1144.0,0.0,0.0,0.0,6.333333333333333,0
156.0,0.0,0.0,0.0,-0.8636363636363636,0
1144.0,0.0,0.0,0.0,6.333333333333333,0
156.0,0.0,0.0,0.0,-0.8636363636363636,0
1144.0,0.0,0.0,0.0,6.333333333333333,0
156.0,0.0,0.0,0.0,-0.8636363636363636,0
1144.0,0.0,0.0,0.0,6.333333333333333,0
156.0,0.0,0.0,0.0,-0.8636363636363636,0
1144.0,0.0,0.0,0.0,6.333333333333333,0
156.0,0.0,0.0,0.0,-0.8636363636363636,0
1144.0,0.0,0.0,0.0,6.333333333333333,0
156.0,0.0,0.0,0.0,-0.8636363636363636,0
1144.0,0.0,0.0,0.0,6.333333333333333,0
156.0,0.0,0.0,0.0,-0.8636363636363636,0
1144.0,0.0,0.0,0.0,6.333333333333333,0
156.0,0.0,0.0,0.0,-0.8636363636363636,0
1144.0,0.0,0.0,0.0,6.333333333333333,0
156.0,0.0,0.0,0.0,-0.8636363636363636,0
1144.0,0.0,0.0,0.0,6.333333333333333,0
156.0,0.0,0.0,0.0,-0.8636363636363636,0
1144.0,0.0,0.0,0.0,6.333333333333333,0
156.0,0.0,0.0,0.0,-0.8636363636363636,0
1144.0,0.0,0.0,0.0,6.333333333333333,0
156.0,0.0,0.0,0.0,-0.8636363636363636,0
1144.0,0.0,0.0,0.0,6.333333333333333,0
156.0,0.0,0.0,0.0,-0.8636363636363636,0
1144.0,0.0,0.0,0.0,6.333333333333333,0
156.0,0.0,0.0,0.0,-0.8636363636363636,0
1144.0,0.0,0.0,0.0,6.333333333333333,0
156.0,0.0,0.0,0.0,-0.8636363636363636,0
1144.0,0.0,0.0,0.0,6.333333333333333,0
156.0,0.0,0.0,0.0,-0.8636363636363636,0
1144.0,0.0,0.0,0.0,6.333333333333333,0
156.0,0.0,0.0,0.0,-0.8636363636363636,0
1144.0,0.0,0.0,0.0,6.333333333333333,0
156.0,0.0,0.0,0.0,-0.8636363636363636,0
1144.0,0.0,0.0,0.0,6.333333333333333,0
156.0,0.0,0.0,0.0,-0.8636363636363636,0
1144.0,0.0,0.0,0.0,6.333333333333333,0
156.0,0.0,0.0,0.0,-0.8636363636363636,0
1144.0,0.0,0.0,0.0,6.333333333333333,0
156.0,0.0,0.0,0.0,-0.8636363636363636,0
1144.0,0.0,0.0,0.0,6.333333333333333,0
156.0,0.0,0.0,0.0,-0.8636363636363636,0
1144.0,0.0,0.0,0.0,6.333333333333333,0
156.0,0.0,0.0,0.0,-0.8636363636363636,0
1144.0,0.0,0.0,0.0,6.333333333333333,0
156.0,0.0,0.0,0.0,-0.8636363636363636,0
1144.0,0.0,0.0,0.0,6.333333333333333,0
156.0,0.0,0.0,0.0,-0.8636363636363636,0
1144.0,0.0,0.0,0.0,6.333333333333333,0
156.0,0.0,0.0,0.0,-0.8636363636363636,0
1144.0,0.0,0.0,0.0,6.333333333333333,0
156.0,0.0,0.0,0.0,-0.8636363636363636,0
1144.0,0.0,0.0,0.0,6.333333333333333,0
156.0,0.0,0.0,0.0,-0.8636363636363636,0
1144.0,0.0,0.0,0.0,6.333333333333333,0
156.0,0.0,0.0,0.0,-0.8636363636363636,0
1144.0,0.0,0.0,0.0,6.333333333333333,0
156.0,0.0,0.0,0.0,-0.8636363636363636,0
1144.0,0.0,0.0,0.0,6.333333333333333,0
156.0,0.0,0.0,0.0,-0.8636363636363636,0
1144.0,0.0,0.0,0.0,6.333333333333333,0
156.0,0.0,0.0,0.0,-0.8636363636363636,0
1144.0,0.0,0.0,0.0,6.333333333333333,0
156.0,0.0,0.0,0.0,-0.8636363636363636,0
1144.0,0.0,0.0,0.0,6.333333333333333,0
156.0,0.0,0.0,0.0,-0.8636363636363636,0
1144.0,0.0,0.0,0.0,6.333333333333333,0
156.0,0.0,0.0,0.0,-0.8636363636363636,0
1144.0,0.0,0.0,0.0,6.333333333333333,0
156.0,0.0,0.0,0.0,-0.8636363636363636,0
1144.0,0.0,0.0,0.0,6.333333333333333,0
156.0,0.0,0.0,0.0,-0.8636363636363636,0
1144.0,0.0,0.0,0.0,6.333333333333333,0
156.0,0.0,0.0,0.0,-0.8636363636363636,0
1144.0,0.0,0.0,0.0,6.333333333333333,0
156.0,0.0,0.0,0.0,-0.8636363636363636,0
1144.0,0.0,0.0,0.0,6.333333333333333,0
156.0,0.0,0.0,0.0,-0.8636363636363636,0
1144.0,0.0,0.0,0.0,6.333333333333333,0
156.0,0.0,0.0,0.0,-0.8636363636363636,0
1144.0,0.0,0.0,0.0,6.333333333333333,0
156.0,0.0,0.0,0.0,-0.8636363636363636,0
1144.0,0.0,0.0,0.0,6.333333333333333,0
156.0,0.0,0.0,0.0,-0.8636363636363636,0
1144.0,0.0,0.0,0.0,6.333333333333333,0
132.0,0.0,0.0,0.0,-0.8846153846153846,0
1168.0,0.0,0.0,0.0,7.848484848484848,0
130.0,0.0,0.0,0.0,-0.8886986301369864,0
1170.0,0.0,0.0,0.0,8.0,0
130.0,0.0,0.0,0.0,-0.8888888888888888,0
1170.0,0.0,0.0,0.0,8.0,0
130.0,0.0,0.0,0.0,-0.8888888888888888,0
1170.0,0.0,0.0,0.0,8.0,0
130.0,0.0,0.0,0.0,-0.8888888888888888,0
1170.0,0.0,0.0,0.0,8.0,0
130.0,0.0,0.0,0.0,-0.8888888888888888,0
1170.0,0.0,0.0,0.0,8.0,0
130.0,0.0,0.0,0.0,-0.8888888888888888,0
1170.0,0.0,0.0,0.0,8.0,0
130.0,0.0,0.0,0.0,-0.8888888888888888,0
1170.0,0.0,0.0,0.0,8.0,0
130.0,0.0,0.0,0.0,-0.8888888888888888,0
1170.0,0.0,0.0,0.0,8.0,0
130.0,0.0,0.0,0.0,-0.8888888888888888,0
1170.0,0.0,0.0,0.0,8.0,0
130.0,0.0,0.0,0.0,-0.8888888888888888,0
1170.0,0.0,0.0,0.0,8.0,0
130.0,0.0,0.0,0.0,-0.8888888888888888,0
1170.0,0.0,0.0,0.0,8.0,0
130.0,0.0,0.0,0.0,-0.8888888888888888,0
1170.0,0.0,0.0,0.0,8.0,0
114.0,0.0,0.0,0.0,-0.9025641025641026,0
1186.0,0.0,0.0,0.0,9.403508771929825,0
88.0,0.0,0.0,0.0,-0.9258010118043845,0
1212.0,0.0,0.0,0.0,10.0,0
78.0,0.0,0.0,0.0,-0.9356435643564356,0
1222.0,0.0,0.0,0.0,10.0,0
78.0,0.0,0.0,0.0,-0.9361702127659575,0
1222.0,0.0,0.0,0.0,10.0,0
78.0,0.0,0.0,0.0,-0.9361702127659575,0
1222.0,0.0,0.0,0.0,10.0,0
78.0,0.0,0.0,0.0,-0.9361702127659575,0
1222.0,0.0,0.0,0.0,10.0,0
78.0,0.0,0.0,0.0,-0.9361702127659575,0
1222.0,0.0,0.0,0.0,10.0,0
78.0,0.0,0.0,0.0,-0.9361702127659575,0
1222.0,0.0,0.0,0.0,10.0,0
78.0,0.0,0.0,0.0,-0.9361702127659575,0
1222.0,0.0,0.0,0.0,10.0,0
78.0,0.0,0.0,0.0,-0.9361702127659575,0
1222.0,0.0,0.0,0.0,10.0,0
78.0,0.0,0.0,0.0,-0.9361702127659575,0
1222.0,0.0,0.0,0.0,10.0,0
78.0,0.0,0.0,0.0,-0.9361702127659575,0
1222.0,0.0,0.0,0.0,10.0,0
78.0,0.0,0.0,0.0,-0.9361702127659575,0
1222.0,0.0,0.0,0.0,10.0,0
78.0,0.0,0.0,0.0,-0.9361702127659575,0
1222.0,0.0,0.0,0.0,10.0,0
78.0,0.0,0.0,0.0,-0.9361702127659575,0
1222.0,0.0,0.0,0.0,10.0,0
78.0,0.0,0.0,0.0,-0.9361702127659575,0
1222.0,0.0,0.0,0.0,10.0,0
78.0,0.0,0.0,0.0,-0.9361702127659575,0
1222.0,0.0,0.0,0.0,10.0,0
78.0,0.0,0.0,0.0,-0.9361702127659575,0
1222.0,0.0,0.0,0.0,10.0,0
78.0,0.0,0.0,0.0,-0.9361702127659575,0
1222.0,0.0,0.0,0.0,10.0,0
78.0,0.0,0.0,0.0,-0.9361702127659575,0
1222.0,0.0,0.0,0.0,10.0,0
78.0,0.0,0.0,0.0,-0.9361702127659575,0
1222.0,0.0,0.0,0.0,10.0,0
78.0,0.0,0.0,0.0,-0.9361702127659575,0
1222.0,0.0,0.0,0.0,10.0,0
78.0,0.0,0.0,0.0,-0.9361702127659575,0
1222.0,0.0,0.0,0.0,10.0,0
78.0,0.0,0.0,0.0,-0.9361702127659575,0
1222.0,0.0,0.0,0.0,10.0,0
78.0,0.0,0.0,0.0,-0.9361702127659575,0
1222.0,0.0,0.0,0.0,10.0,0
78.0,0.0,0.0,0.0,-0.9361702127659575,0
1222.0,0.0,0.0,0.0,10.0,0
78.0,0.0,0.0,0.0,-0.9361702127659575,0
1222.0,0.0,0.0,0.0,10.0,0
62.0,0.0,0.0,0.0,-0.9492635024549918,0
1238.0,0.0,0.0,0.0,10.0,0
52.0,0.0,0.0,0.0,-0.9579967689822294,0
1248.0,0.0,0.0,0.0,10.0,0
52.0,0.0,0.0,0.0,-0.9583333333333334,0
1248.0,0.0,0.0,0.0,10.0,0
52.0,0.0,0.0,0.0,-0.9583333333333334,0
1248.0,0.0,0.0,0.0,10.0,0
52.0,0.0,0.0,0.0,-0.9583333333333334,0
1248.0,0.0,0.0,0.0,10.0,0
52.0,0.0,0.0,0.0,-0.9583333333333334,0
1248.0,0.0,0.0,0.0,10.0,0
52.0,0.0,0.0,0.0,-0.9583333333333334,0
1248.0,0.0,0.0,0.0,10.0,0
52.0,0.0,0.0,0.0,-0.9583333333333334,0
1248.0,0.0,0.0,0.0,10.0,0
52.0,0.0,0.0,0.0,-0.9583333333333334,0
1248.0,0.0,0.0,0.0,10.0,0
52.0,0.0,0.0,0.0,-0.9583333333333334,0
1248.0,0.0,0.0,0.0,10.0,0
29.0,0.0,0.0,0.0,-0.9767628205128205,0
1271.0,0.0,0.0,0.0,10.0,0
2.0,0.0,0.0,0.0,-0.998426435877262,0
1298.0,0.0,0.0,0.0,10.0,0
1300.0,0.0,0.0,0.0,0.0015408320493066618,0
1300.0,0.0,0.0,0.0,0.0,0
1300.0,0.0,0.0,0.0,0.0,0
1300.0,0.0,0.0,0.0,0.0,0
1300.0,0.0,0.0,0.0,0.0,0
1300.0,0.0,0.0,0.0,0.0,0
1300.0,0.0,0.0,0.0,0.0,0
1300.0,0.0,0.0,0.0,0.0,0
1300.0,0.0,0.0,0.0,0.0,0
1300.0,0.0,0.0,0.0,0.0,0
1300.0,0.0,0.0,0.0,0.0,0
1300.0,0.0,0.0,0.0,0.0,0
1300.0,0.0,0.0,0.0,0.0,0
1300.0,0.0,0.0,0.0,0.0,0
1300.0,0.0,0.0,0.0,0.0,0
1300.0,0.0,0.0,0.0,0.0,0
1300.0,0.0,0.0,0.0,0.0,0
1300.0,0.0,0.0,0.0,0.0,0
1300.0,0.0,0.0,0.0,0.0,0
1300.0,0.0,0.0,0.0,0.0,0
1300.0,0.0,0.0,0.0,0.0,0
1300.0,0.0,0.0,0.0,0.0,0
1300.0,0.0,0.0,0.0,0.0,0
1300.0,0.0,0.0,0.0,0.0,0
1300.0,0.0,0.0,0.0,0.0,0
1300.0,0.0,0.0,0.0,0.0,0
1300.0,0.0,0.0,0.0,0.0,0
1300.0,0.0,0.0,0.0,0.0,0
1300.0,0.0,0.0,0.0,0.0,0
1292.0,0.0,0.0,0.0,-0.006153846153846176,0
8.0,0.0,0.0,0.0,-0.9938080495356038,0
1266.0,0.0,0.0,0.0,10.0,0
34.0,0.0,0.0,0.0,-0.9731437598736177,0
1248.0,0.0,0.0,0.0,10.0,0
52.0,0.0,0.0,0.0,-0.9583333333333334,0
1248.0,0.0,0.0,0.0,10.0,0
52.0,0.0,0.0,0.0,-0.9583333333333334,0
1248.0,0.0,0.0,0.0,10.0,0
52.0,0.0,0.0,0.0,-0.9583333333333334,0
1248.0,0.0,0.0,0.0,10.0,0
52.0,0.0,0.0,0.0,-0.9583333333333334,0
1248.0,0.0,0.0,0.0,10.0,0
52.0,0.0,0.0,0.0,-0.9583333333333334,0
1248.0,0.0,0.0,0.0,10.0,0
52.0,0.0,0.0,0.0,-0.9583333333333334,0
1248.0,0.0,0.0,0.0,10.0,0
52.0,0.0,0.0,0.0,-0.9583333333333334,0
1248.0,0.0,0.0,0.0,10.0,0
52.0,0.0,0.0,0.0,-0.9583333333333334,0
1248.0,0.0,0.0,0.0,10.0,0
52.0,0.0,0.0,0.0,-0.9583333333333334,0
1248.0,0.0,0.0,0.0,10.0,0
52.0,0.0,0.0,0.0,-0.9583333333333334,0
1224.0,0.0,0.0,0.0,10.0,0
76.0,0.0,0.0,0.0,-0.9379084967320261,0
1222.0,0.0,0.0,0.0,10.0,0
78.0,0.0,0.0,0.0,-0.9361702127659575,0
1202.0,0.0,0.0,0.0,10.0,0
98.0,0.0,0.0,0.0,-0.9184692179700499,0
1148.0,0.0,0.0,0.0,10.0,0
152.0,0.0,0.0,0.0,-0.867595818815331,0
1144.0,0.0,0.0,0.0,6.526315789473684,0
156.0,0.0,0.0,0.0,-0.8636363636363636,0
1128.0,0.0,0.0,0.0,6.230769230769231,0
172.0,0.0,0.0,0.0,-0.8475177304964538,0
1118.0,0.0,0.0,0.0,5.5,0
182.0,0.0,0.0,0.0,-0.8372093023255813,0
1070.0,0.0,0.0,0.0,4.8791208791208796,0
230.0,0.0,0.0,0.0,-0.7850467289719626,0
1040.0,0.0,0.0,0.0,3.5217391304347823,0
260.0,0.0,0.0,0.0,-0.75,0
1040.0,0.0,0.0,0.0,3.0,0
260.0,0.0,0.0,0.0,-0.75,0
1040.0,0.0,0.0,0.0,3.0,0
260.0,0.0,0.0,0.0,-0.75,0
1040.0,0.0,0.0,0.0,3.0,0
260.0,0.0,0.0,0.0,-0.75,0
1040.0,0.0,0.0,0.0,3.0,0
260.0,0.0,0.0,0.0,-0.75,0
1040.0,0.0,0.0,0.0,3.0,0
260.0,0.0,0.0,0.0,-0.75,0
1040.0,0.0,0.0,0.0,3.0,0
260.0,0.0,0.0,0.0,-0.75,0
1040.0,0.0,0.0,0.0,3.0,0
260.0,0.0,0.0,0.0,-0.75,0
1040.0,0.0,0.0,0.0,3.0,0
260.0,0.0,0.0,0.0,-0.75,0
1016.0,0.0,0.0,0.0,2.9076923076923076,0
284.0,0.0,0.0,0.0,-0.7204724409448819,0
1006.0,0.0,0.0,0.0,2.5422535211267605,0
294.0,0.0,0.0,0.0,-0.7077534791252484,0
964.0,0.0,0.0,0.0,2.2789115646258504,0
336.0,0.0,0.0,0.0,-0.6514522821576764,0
953.0,0.0,0.0,0.0,1.8363095238095237,0
347.0,0.0,0.0,0.0,-0.6358866736621196,0
936.0,0.0,0.0,0.0,1.6974063400576367,0
364.0,0.0,0.0,0.0,-0.6111111111111112,0
920.0,0.0,0.0,0.0,1.5274725274725274,0
380.0,0.0,0.0,0.0,-0.5869565217391304,0
910.0,0.0,0.0,0.0,1.3947368421052633,0
390.0,0.0,0.0,0.0,-0.5714285714285714,0
901.0,0.0,0.0,0.0,1.31025641025641,0
399.0,0.0,0.0,0.0,-0.5571587125416204,0
884.0,0.0,0.0,0.0,1.2155388471177946,0
416.0,0.0,0.0,0.0,-0.5294117647058824,0
884.0,0.0,0.0,0.0,1.125,0
416.0,0.0,0.0,0.0,-0.5294117647058824,0
884.0,0.0,0.0,0.0,1.125,0
416.0,0.0,0.0,0.0,-0.5294117647058824,0
884.0,0.0,0.0,0.0,1.125,0
416.0,0.0,0.0,0.0,-0.5294117647058824,0
884.0,0.0,0.0,0.0,1.125,0
416.0,0.0,0.0,0.0,-0.5294117647058824,0
868.0,0.0,0.0,0.0,1.0865384615384617,0
432.0,0.0,0.0,0.0,-0.5023041474654377,0
801.0,0.0,0.0,0.0,0.8541666666666667,0
499.0,0.0,0.0,0.0,-0.3770287141073658,0
730.0,0.0,0.0,0.0,0.4629258517034067,0
570.0,0.0,0.0,0.0,-0.2191780821917808,0
728.0,0.0,0.0,0.0,0.2771929824561403,0
572.0,0.0,0.0,0.0,-0.2142857142857143,0
728.0,0.0,0.0,0.0,0.2727272727272727,0
572.0,0.0,0.0,0.0,-0.2142857142857143,0
728.0,0.0,0.0,0.0,0.2727272727272727,0
572.0,0.0,0.0,0.0,-0.2142857142857143,0
728.0,0.0,0.0,0.0,0.2727272727272727,0
572.0,0.0,0.0,0.0,-0.2142857142857143,0
704.0,0.0,0.0,0.0,0.23076923076923084,0
596.0,0.0,0.0,0.0,-0.15340909090909094,0
686.0,0.0,0.0,0.0,0.15100671140939603,0
614.0,0.0,0.0,0.0,-0.10495626822157433,0
676.0,0.0,0.0,0.0,0.10097719869706845,0
624.0,0.0,0.0,0.0,-0.07692307692307687,0
676.0,0.0,0.0,0.0,0.08333333333333326,0
624.0,0.0,0.0,0.0,-0.07692307692307687,0
676.0,0.0,0.0,0.0,0.08333333333333326,0
624.0,0.0,0.0,0.0,-0.07692307692307687,0
676.0,0.0,0.0,0.0,0.08333333333333326,0
624.0,0.0,0.0,0.0,-0.07692307692307687,0
676.0,0.0,0.0,0.0,0.08333333333333326,0
624.0,0.0,0.0,0.0,-0.07692307692307687,0
676.0,0.0,0.0,0.0,0.08333333333333326,0
624.0,0.0,0.0,0.0,-0.07692307692307687,0
676.0,0.0,0.0,0.0,0.08333333333333326,0
624.0,0.0,0.0,0.0,-0.07692307692307687,0
676.0,0.0,0.0,0.0,0.08333333333333326,0
624.0,0.0,0.0,0.0,-0.07692307692307687,0
676.0,0.0,0.0,0.0,0.08333333333333326,0
624.0,0.0,0.0,0.0,-0.07692307692307687,0
715.0,0.0,0.0,0.0,0.14583333333333326,0
663.0,0.0,0.0,0.0,-0.07272727272727275,0
624.0,0.0,0.0,0.0,-0.05882352941176472,0
676.0,0.0,0.0,0.0,0.08333333333333326,0
624.0,0.0,0.0,0.0,-0.07692307692307687,0
676.0,0.0,0.0,0.0,0.08333333333333326,0
617.0,0.0,0.0,0.0,-0.08727810650887569,0
683.0,0.0,0.0,0.0,0.10696920583468406,0
599.0,0.0,0.0,0.0,-0.12298682284040996,0
701.0,0.0,0.0,0.0,0.1702838063439065,0
962.0,0.0,0.0,0.0,0.37232524964336666,0
702.0,0.0,0.0,0.0,-0.2702702702702703,0
590.0,0.0,0.0,0.0,-0.15954415954415957,0
710.0,0.0,0.0,0.0,0.20338983050847448,0
572.0,0.0,0.0,0.0,-0.19436619718309855,0
728.0,0.0,0.0,0.0,0.2727272727272727,0
569.0,0.0,0.0,0.0,-0.2184065934065934,0
731.0,0.0,0.0,0.0,0.2847100175746924,0
548.0,0.0,0.0,0.0,-0.25034199726402184,0
752.0,0.0,0.0,0.0,0.37226277372262784,0
834.0,0.0,0.0,0.0,0.10904255319148937,0
778.0,0.0,0.0,0.0,-0.06714628297362113,0
512.0,0.0,0.0,0.0,-0.3419023136246787,0
788.0,0.0,0.0,0.0,0.5390625,0
494.0,0.0,0.0,0.0,-0.37309644670050757,0
806.0,0.0,0.0,0.0,0.631578947368421,0
494.0,0.0,0.0,0.0,-0.3870967741935484,0
806.0,0.0,0.0,0.0,0.631578947368421,0
472.0,0.0,0.0,0.0,-0.4143920595533499,0
828.0,0.0,0.0,0.0,0.7542372881355932,0
730.0,0.0,0.0,0.0,-0.11835748792270528,0
882.0,0.0,0.0,0.0,0.2082191780821918,0
416.0,0.0,0.0,0.0,-0.528344671201814,0
884.0,0.0,0.0,0.0,1.125,0
392.0,0.0,0.0,0.0,-0.5565610859728507,0
908.0,0.0,0.0,0.0,1.316326530612245,0
331.0,0.0,0.0,0.0,-0.6354625550660793,0
969.0,0.0,0.0,0.0,1.9274924471299095,0
312.0,0.0,0.0,0.0,-0.6780185758513932,0
988.0,0.0,0.0,0.0,2.1666666666666665,0
546.0,0.0,0.0,0.0,-0.4473684210526315,0
1274.0,0.0,0.0,0.0,1.3333333333333335,0
260.0,0.0,0.0,0.0,-0.7959183673469388,0
1040.0,0.0,0.0,0.0,3.0,0
260.0,0.0,0.0,0.0,-0.75,0
1040.0,0.0,0.0,0.0,3.0,0
260.0,0.0,0.0,0.0,-0.75,0
1040.0,0.0,0.0,0.0,3.0,0
260.0,0.0,0.0,0.0,-0.75,0
1040.0,0.0,0.0,0.0,3.0,0
426.0,0.0,0.0,0.0,-0.5903846153846154,0
1212.0,0.0,0.0,0.0,1.8450704225352115,0
167.0,0.0,0.0,0.0,-0.8622112211221122,0
1133.0,0.0,0.0,0.0,5.7844311377245505,0
156.0,0.0,0.0,0.0,-0.8623124448367167,0
1144.0,0.0,0.0,0.0,6.333333333333333,0
156.0,0.0,0.0,0.0,-0.8636363636363636,0
1144.0,0.0,0.0,0.0,6.333333333333333,0
156.0,0.0,0.0,0.0,-0.8636363636363636,0
1144.0,0.0,0.0,0.0,6.333333333333333,0
156.0,0.0,0.0,0.0,-0.8636363636363636,0
1482.0,0.0,0.0,0.0,8.5,0
156.0,0.0,0.0,0.0,-0.8947368421052632,0
1144.0,0.0,0.0,0.0,6.333333333333333,0
156.0,0.0,0.0,0.0,-0.8636363636363636,0
1144.0,0.0,0.0,0.0,6.333333333333333,0
156.0,0.0,0.0,0.0,-0.8636363636363636,0
1144.0,0.0,0.0,0.0,6.333333333333333,0
156.0,0.0,0.0,0.0,-0.8636363636363636,0
1144.0,0.0,0.0,0.0,6.333333333333333,0
156.0,0.0,0.0,0.0,-0.8636363636363636,0
1430.0,0.0,0.0,0.0,8.166666666666666,0
156.0,0.0,0.0,0.0,-0.8909090909090909,0
1144.0,0.0,0.0,0.0,6.333333333333333,0
156.0,0.0,0.0,0.0,-0.8636363636363636,0
1144.0,0.0,0.0,0.0,6.333333333333333,0
156.0,0.0,0.0,0.0,-0.8636363636363636,0
1144.0,0.0,0.0,0.0,6.333333333333333,0
156.0,0.0,0.0,0.0,-0.8636363636363636,0
1144.0,0.0,0.0,0.0,6.333333333333333,0
156.0,0.0,0.0,0.0,-0.8636363636363636,0
1144.0,0.0,0.0,0.0,6.333333333333333,0
156.0,0.0,0.0,0.0,-0.8636363636363636,0
1144.0,0.0,0.0,0.0,6.333333333333333,0
156.0,0.0,0.0,0.0,-0.8636363636363636,0
1144.0,0.0,0.0,0.0,6.333333333333333,0
156.0,0.0,0.0,0.0,-0.8636363636363636,0
1144.0,0.0,0.0,0.0,6.333333333333333,0
156.0,0.0,0.0,0.0,-0.8636363636363636,0
1144.0,0.0,0.0,0.0,6.333333333333333,0
156.0,0.0,0.0,0.0,-0.8636363636363636,0
1144.0,0.0,0.0,0.0,6.333333333333333,0
156.0,0.0,0.0,0.0,-0.8636363636363636,0
1144.0,0.0,0.0,0.0,6.333333333333333,0
156.0,0.0,0.0,0.0,-0.8636363636363636,0
1144.0,0.0,0.0,0.0,6.333333333333333,0
156.0,0.0,0.0,0.0,-0.8636363636363636,0
1144.0,0.0,0.0,0.0,6.333333333333333,0
156.0,0.0,0.0,0.0,-0.8636363636363636,0
1144.0,0.0,0.0,0.0,6.333333333333333,0
156.0,0.0,0.0,0.0,-0.8636363636363636,0
1144.0,0.0,0.0,0.0,6.333333333333333,0
156.0,0.0,0.0,0.0,-0.8636363636363636,0
1144.0,0.0,0.0,0.0,6.333333333333333,0
156.0,0.0,0.0,0.0,-0.8636363636363636,0
1144.0,0.0,0.0,0.0,6.333333333333333,0
156.0,0.0,0.0,0.0,-0.8636363636363636,0
1144.0,0.0,0.0,0.0,6.333333333333333,0
156.0,0.0,0.0,0.0,-0.8636363636363636,0
1144.0,0.0,0.0,0.0,6.333333333333333,0
156.0,0.0,0.0,0.0,-0.8636363636363636,0
1144.0,0.0,0.0,0.0,6.333333333333333,0
156.0,0.0,0.0,0.0,-0.8636363636363636,0
1144.0,0.0,0.0,0.0,6.333333333333333,0
156.0,0.0,0.0,0.0,-0.8636363636363636,0
1144.0,0.0,0.0,0.0,6.333333333333333,0
156.0,0.0,0.0,0.0,-0.8636363636363636,0
1144.0,0.0,0.0,0.0,6.333333333333333,0
156.0,0.0,0.0,0.0,-0.8636363636363636,0
1144.0,0.0,0.0,0.0,6.333333333333333,0
156.0,0.0,0.0,0.0,-0.8636363636363636,0
1144.0,0.0,0.0,0.0,6.333333333333333,0
156.0,0.0,0.0,0.0,-0.8636363636363636,0
1144.0,0.0,0.0,0.0,6.333333333333333,0
156.0,0.0,0.0,0.0,-0.8636363636363636,0
1144.0,0.0,0.0,0.0,6.333333333333333,0
156.0,0.0,0.0,0.0,-0.8636363636363636,0
1144.0,0.0,0.0,0.0,6.333333333333333,0
156.0,0.0,0.0,0.0,-0.8636363636363636,0
1144.0,0.0,0.0,0.0,6.333333333333333,0
156.0,0.0,0.0,0.0,-0.8636363636363636,0
1144.0,0.0,0.0,0.0,6.333333333333333,0
156.0,0.0,0.0,0.0,-0.8636363636363636,0
1144.0,0.0,0.0,0.0,6.333333333333333,0
156.0,0.0,0.0,0.0,-0.8636363636363636,0
1144.0,0.0,0.0,0.0,6.333333333333333,0
156.0,0.0,0.0,0.0,-0.8636363636363636,0
1144.0,0.0,0.0,0.0,6.333333333333333,0
156.0,0.0,0.0,0.0,-0.8636363636363636,0
1144.0,0.0,0.0,0.0,6.333333333333333,0
156.0,0.0,0.0,0.0,-0.8636363636363636,0
1144.0,0.0,0.0,0.0,6.333333333333333,0
156.0,0.0,0.0,0.0,-0.8636363636363636,0
1144.0,0.0,0.0,0.0,6.333333333333333,0
156.0,0.0,0.0,0.0,-0.8636363636363636,0
1144.0,0.0,0.0,0.0,6.333333333333333,0
156.0,0.0,0.0,0.0,-0.8636363636363636,0
1144.0,0.0,0.0,0.0,6.333333333333333,0
156.0,0.0,0.0,0.0,-0.8636363636363636,0
1144.0,0.0,0.0,0.0,6.333333333333333,0
156.0,0.0,0.0,0.0,-0.8636363636363636,0
1144.0,0.0,0.0,0.0,6.333333333333333,0
156.0,0.0,0.0,0.0,-0.8636363636363636,0
1144.0,0.0,0.0,0.0,6.333333333333333,0
156.0,0.0,0.0,0.0,-0.8636363636363636,0
1144.0,0.0,0.0,0.0,6.333333333333333,0
156.0,0.0,0.0,0.0,-0.8636363636363636,0
1144.0,0.0,0.0,0.0,6.333333333333333,0
156.0,0.0,0.0,0.0,-0.8636363636363636,0
1144.0,0.0,0.0,0.0,6.333333333333333,0
156.0,0.0,0.0,0.0,-0.8636363636363636,0
1144.0,0.0,0.0,0.0,6.333333333333333,0
131.0,0.0,0.0,0.0,-0.8854895104895105,0
1169.0,0.0,0.0,0.0,7.923664122137405,0
130.0,0.0,0.0,0.0,-0.8887938408896493,0
1170.0,0.0,0.0,0.0,8.0,0
130.0,0.0,0.0,0.0,-0.8888888888888888,0
1170.0,0.0,0.0,0.0,8.0,0
130.0,0.0,0.0,0.0,-0.8888888888888888,0
1170.0,0.0,0.0,0.0,8.0,0
130.0,0.0,0.0,0.0,-0.8888888888888888,0
1170.0,0.0,0.0,0.0,8.0,0
102.0,0.0,0.0,0.0,-0.9128205128205128,0
1198.0,0.0,0.0,0.0,10.0,0
78.0,0.0,0.0,0.0,-0.9348914858096828,0
1210.0,0.0,0.0,0.0,10.0,0
90.0,0.0,0.0,0.0,-0.9256198347107438,0
1196.0,0.0,0.0,0.0,10.0,0
104.0,0.0,0.0,0.0,-0.9130434782608696,0
1188.0,0.0,0.0,0.0,10.0,0
112.0,0.0,0.0,0.0,-0.9057239057239057,0
524.0,2.0,0.0,0.003816793893129771,3.678571428571429,0
43.0,0.0,0.0,0.0,-0.91793893129771,0
60.0,0.0,0.0,0.0,0.39534883720930236,0
142.0,3.0,0.0,0.02112676056338028,1.3666666666666667,0
102.0,3.0,0.0,0.029411764705882353,-0.2816901408450704,0
1250.0,0.0,0.0,0.0,10.0,0
1300.0,0.0,0.0,0.0,0.040000000000000036,0
1300.0,0.0,0.0,0.0,0.0,0
135.0,3.0,0.0,0.022222222222222223,-0.8961538461538462,0
20.0,0.0,0.0,0.0,-0.8518518518518519,0
61.0,0.0,0.0,0.0,2.05,0
327.0,0.0,0.0,0.0,4.360655737704918,0
974.0,0.0,0.0,0.0,1.978593272171254,0
130.0,0.0,0.0,0.0,-0.86652977412731,0
1170.0,0.0,0.0,0.0,8.0,0
130.0,0.0,0.0,0.0,-0.8888888888888888,0
1170.0,0.0,0.0,0.0,8.0,0
80.0,0.0,0.0,0.0,-0.9316239316239316,0
550.0,2.0,0.0,0.0036363636363636364,5.875,0
11.0,0.0,0.0,0.0,-0.98,0
62.0,0.0,0.0,0.0,4.636363636363637,0
1268.0,0.0,0.0,0.0,10.0,0
1300.0,0.0,0.0,0.0,0.025236593059936974,0
1300.0,0.0,0.0,0.0,0.0,0
726.0,3.0,0.0,0.004132231404958678,-0.44153846153846155,0
55.0,0.0,0.0,0.0,-0.9242424242424242,0
60.0,0.0,0.0,0.0,0.09090909090909083,0
736.0,0.0,0.0,0.0,10.0,0
439.0,3.0,0.0,0.00683371298405467,-0.4035326086956522,0
1250.0,0.0,0.0,0.0,1.847380410022779,0
1300.0,0.0,0.0,0.0,0.040000000000000036,0
1300.0,0.0,0.0,0.0,0.0,0
91.0,3.0,0.0,0.03296703296703297,-0.9299999999999999,0
42.0,0.0,0.0,0.0,-0.5384615384615384,0
60.0,0.0,0.0,0.0,0.4285714285714286,0
392.0,3.0,0.0,0.007653061224489796,5.533333333333333,0
3.0,0.0,0.0,0.0,-0.9923469387755102,0
1241.0,0.0,0.0,0.0,10.0,0
1300.0,0.0,0.0,0.0,0.04754230459307007,0
936.0,2.0,0.0,0.002136752136752137,-0.28,0
11.0,0.0,0.0,0.0,-0.9882478632478633,0
1247.0,0.0,0.0,0.0,10.0,0
1300.0,0.0,0.0,0.0,0.042502004811547645,0
1300.0,0.0,0.0,0.0,0.0,0
1300.0,0.0,0.0,0.0,0.0,0
101.0,0.0,0.0,0.0,-0.9223076923076923,0
63.0,0.0,0.0,0.0,-0.37623762376237624,0
1263.0,3.0,0.0,0.0023752969121140144,10.0,0
1252.0,0.0,0.0,0.0,-0.008709422011084711,0
1300.0,0.0,0.0,0.0,0.03833865814696491,0
1300.0,0.0,0.0,0.0,0.0,0
80.0,0.0,0.0,0.0,-0.9384615384615385,0
63.0,0.0,0.0,0.0,-0.21250000000000002,0
93.0,0.0,0.0,0.0,0.4761904761904763,0
568.0,3.0,0.0,0.00528169014084507,5.10752688172043,0
602.0,3.0,0.0,0.0049833887043189366,0.059859154929577496,0
664.0,0.0,0.0,0.0,0.10299003322259126,0
50.0,0.0,0.0,0.0,-0.9246987951807228,0
1248.0,0.0,0.0,0.0,10.0,0
52.0,0.0,0.0,0.0,-0.9583333333333334,0
1248.0,0.0,0.0,0.0,10.0,0
66.0,2.0,0.0,0.030303030303030304,-0.9471153846153846,0
45.0,0.0,0.0,0.0,-0.31818181818181823,0
60.0,0.0,0.0,0.0,0.33333333333333326,0
1278.0,0.0,0.0,0.0,10.0,0
1300.0,0.0,0.0,0.0,0.017214397496087663,0
1300.0,0.0,0.0,0.0,0.0,0
1275.0,0.0,0.0,0.0,-0.019230769230769273,0
25.0,0.0,0.0,0.0,-0.9803921568627451,0
84.0,0.0,0.0,0.0,2.36,0
62.0,0.0,0.0,0.0,-0.26190476190476186,0
304.0,3.0,0.0,0.009868421052631578,3.903225806451613,0
264.0,3.0,0.0,0.011363636363636364,-0.13157894736842102,0
1225.0,0.0,0.0,0.0,3.6401515151515156,0
26.0,0.0,0.0,0.0,-0.9787755102040816,0
1274.0,0.0,0.0,0.0,10.0,0
26.0,0.0,0.0,0.0,-0.9795918367346939,0
1274.0,0.0,0.0,0.0,10.0,0
9.0,0.0,0.0,0.0,-0.9929356357927787,0
111.0,0.0,0.0,0.0,10.0,0
60.0,0.0,0.0,0.0,-0.45945945945945943,0
97.0,0.0,0.0,0.0,0.6166666666666667,0
89.0,0.0,0.0,0.0,-0.08247422680412375,0
1255.0,0.0,0.0,0.0,10.0,0
7.0,0.0,0.0,0.0,-0.9944223107569721,0
1293.0,0.0,0.0,0.0,10.0,0
1300.0,0.0,0.0,0.0,0.005413766434648082,0
116.0,0.0,0.0,0.0,-0.9107692307692308,0
63.0,0.0,0.0,0.0,-0.4568965517241379,0
90.0,0.0,0.0,0.0,0.4285714285714286,0
167.0,0.0,0.0,0.0,0.8555555555555556,0
1146.0,0.0,0.0,0.0,5.862275449101796,0
114.0,0.0,0.0,0.0,-0.9005235602094241,0
1186.0,0.0,0.0,0.0,9.403508771929825,0
104.0,0.0,0.0,0.0,-0.9123102866779089,0
1196.0,0.0,0.0,0.0,10.0,0
11.0,0.0,0.0,0.0,-0.9908026755852842,0
106.0,0.0,0.0,0.0,8.636363636363637,0
66.0,0.0,0.0,0.0,-0.37735849056603776,0
84.0,0.0,0.0,0.0,0.2727272727272727,0
318.0,0.0,0.0,0.0,2.7857142857142856,0
1002.0,0.0,0.0,0.0,2.150943396226415,0
169.0,0.0,0.0,0.0,-0.8313373253493014,0
1131.0,0.0,0.0,0.0,5.6923076923076925,0
83.0,0.0,0.0,0.0,-0.9266136162687887,0
1217.0,0.0,0.0,0.0,10.0,0
22.0,0.0,0.0,0.0,-0.9819227608874281,0
109.0,0.0,0.0,0.0,3.954545454545454,0
62.0,0.0,0.0,0.0,-0.4311926605504587,0
91.0,0.0,0.0,0.0,0.467741935483871,0
71.0,0.0,0.0,0.0,-0.21978021978021978,0
1274.0,0.0,0.0,0.0,10.0,0
1300.0,0.0,0.0,0.0,0.020408163265306145,0
1300.0,0.0,0.0,0.0,0.0,0
111.0,0.0,0.0,0.0,-0.9146153846153846,0
60.0,0.0,0.0,0.0,-0.45945945945945943,0
88.0,0.0,0.0,0.0,0.46666666666666656,0
67.0,0.0,0.0,0.0,-0.23863636363636365,0
1255.0,0.0,0.0,0.0,10.0,0
1300.0,0.0,0.0,0.0,0.03585657370517925,0
1300.0,0.0,0.0,0.0,0.0,0
109.0,0.0,0.0,0.0,-0.9161538461538461,0
61.0,0.0,0.0,0.0,-0.44036697247706424,0
90.0,0.0,0.0,0.0,0.47540983606557385,0
68.0,0.0,0.0,0.0,-0.24444444444444446,0
1234.0,0.0,0.0,0.0,10.0,0
52.0,0.0,0.0,0.0,-0.9578606158833063,0
1248.0,0.0,0.0,0.0,10.0,0
52.0,0.0,0.0,0.0,-0.9583333333333334,0
1248.0,0.0,0.0,0.0,10.0,0
50.0,0.0,0.0,0.0,-0.9599358974358975,0
110.0,0.0,0.0,0.0,1.2000000000000002,0
64.0,0.0,0.0,0.0,-0.4181818181818182,0
89.0,0.0,0.0,0.0,0.390625,0
74.0,0.0,0.0,0.0,-0.1685393258426966,0
1291.0,0.0,0.0,0.0,10.0,0
1300.0,0.0,0.0,0.0,0.006971340046475705,0
1300.0,0.0,0.0,0.0,0.0,0
97.0,0.0,0.0,0.0,-0.9253846153846154,0
63.0,0.0,0.0,0.0,-0.35051546391752575,0
90.0,0.0,0.0,0.0,0.4285714285714286,0
69.0,0.0,0.0,0.0,-0.23333333333333328,0
1290.0,0.0,0.0,0.0,10.0,0
1300.0,0.0,0.0,0.0,0.007751937984496138,0
1300.0,0.0,0.0,0.0,0.0,0
100.0,0.0,0.0,0.0,-0.9230769230769231,0
61.0,0.0,0.0,0.0,-0.39,0
97.0,0.0,0.0,0.0,0.5901639344262295,0
70.0,0.0,0.0,0.0,-0.27835051546391754,0
1168.0,0.0,0.0,0.0,10.0,0
130.0,0.0,0.0,0.0,-0.8886986301369864,0
1170.0,0.0,0.0,0.0,8.0,0
130.0,0.0,0.0,0.0,-0.8888888888888888,0
1170.0,0.0,0.0,0.0,8.0,0
130.0,0.0,0.0,0.0,-0.8888888888888888,0
91.0,0.0,0.0,0.0,-0.30000000000000004,0
65.0,0.0,0.0,0.0,-0.2857142857142857,0
87.0,0.0,0.0,0.0,0.33846153846153837,0
65.0,0.0,0.0,0.0,-0.25287356321839083,0
1267.0,0.0,0.0,0.0,10.0,0
26.0,0.0,0.0,0.0,-0.9794790844514601,0
1274.0,0.0,0.0,0.0,10.0,0
26.0,0.0,0.0,0.0,-0.9795918367346939,0
1274.0,0.0,0.0,0.0,10.0,0
26.0,0.0,0.0,0.0,-0.9795918367346939,0
95.0,0.0,0.0,0.0,2.6538461538461537,0
60.0,0.0,0.0,0.0,-0.368421052631579,0
89.0,0.0,0.0,0.0,0.4833333333333334,0
72.0,0.0,0.0,0.0,-0.1910112359550562,0
80.0,0.0,0.0,0.0,0.11111111111111116,0
71.0,0.0,0.0,0.0,-0.11250000000000004,0
88.0,0.0,0.0,0.0,0.23943661971830976,0
1070.0,0.0,0.0,0.0,10.0,0
234.0,0.0,0.0,0.0,-0.7813084112149533,0
377.0,0.0,0.0,0.0,0.6111111111111112,0
70.0,0.0,0.0,0.0,-0.8143236074270557,0
85.0,0.0,0.0,0.0,0.2142857142857142,0
71.0,0.0,0.0,0.0,-0.16470588235294115,0
79.0,0.0,0.0,0.0,0.11267605633802824,0
68.0,0.0,0.0,0.0,-0.1392405063291139,0
81.0,0.0,0.0,0.0,0.19117647058823528,0
70.0,0.0,0.0,0.0,-0.13580246913580252,0
1024.0,0.0,0.0,0.0,10.0,0
282.0,0.0,0.0,0.0,-0.724609375,0
69.0,0.0,0.0,0.0,-0.7553191489361702,0
72.0,0.0,0.0,0.0,0.04347826086956519,0
84.0,0.0,0.0,0.0,0.16666666666666674,0
74.0,0.0,0.0,0.0,-0.11904761904761907,0
80.0,0.0,0.0,0.0,0.08108108108108114,0
73.0,0.0,0.0,0.0,-0.08750000000000002,0
77.0,0.0,0.0,0.0,0.0547945205479452,0
73.0,0.0,0.0,0.0,-0.051948051948051965,0
1103.0,0.0,0.0,0.0,10.0,0
205.0,0.0,0.0,0.0,-0.814143245693563,0
552.0,0.0,0.0,0.0,1.6926829268292685,0
69.0,0.0,0.0,0.0,-0.875,0
90.0,0.0,0.0,0.0,0.30434782608695654,0
73.0,0.0,0.0,0.0,-0.18888888888888888,0
85.0,0.0,0.0,0.0,0.1643835616438356,0
73.0,0.0,0.0,0.0,-0.14117647058823535,0
83.0,0.0,0.0,0.0,0.13698630136986312,0
76.0,0.0,0.0,0.0,-0.08433734939759041,0
1037.0,0.0,0.0,0.0,10.0,0
280.0,0.0,0.0,0.0,-0.7299903567984571,0
691.0,0.0,0.0,0.0,1.467857142857143,0
72.0,0.0,0.0,0.0,-0.8958031837916064,0
89.0,0.0,0.0,0.0,0.23611111111111116,0
70.0,0.0,0.0,0.0,-0.2134831460674157,0
83.0,0.0,0.0,0.0,0.18571428571428572,0
66.0,0.0,0.0,0.0,-0.20481927710843373,0
79.0,0.0,0.0,0.0,0.19696969696969702,0
70.0,0.0,0.0,0.0,-0.11392405063291144,0
934.0,0.0,0.0,0.0,10.0,0
381.0,0.0,0.0,0.0,-0.5920770877944326,0
60.0,0.0,0.0,0.0,-0.8425196850393701,0
78.0,0.0,0.0,0.0,0.30000000000000004,0
87.0,0.0,0.0,0.0,0.11538461538461542,0
67.0,0.0,0.0,0.0,-0.22988505747126442,0
81.0,0.0,0.0,0.0,0.20895522388059695,0
67.0,0.0,0.0,0.0,-0.1728395061728395,0
78.0,0.0,0.0,0.0,0.16417910447761197,0
75.0,0.0,0.0,0.0,-0.038461538461538436,0
733.0,0.0,0.0,0.0,8.773333333333333,0
564.0,0.0,0.0,0.0,-0.23055934515688947,0
174.0,0.0,0.0,0.0,-0.6914893617021276,0
82.0,0.0,0.0,0.0,-0.5287356321839081,0
80.0,0.0,0.0,0.0,-0.024390243902439046,0
71.0,0.0,0.0,0.0,-0.11250000000000004,0
82.0,0.0,0.0,0.0,0.15492957746478875,0
68.0,0.0,0.0,0.0,-0.1707317073170732,0
85.0,0.0,0.0,0.0,0.25,0
68.0,0.0,0.0,0.0,-0.19999999999999996,0
795.0,0.0,0.0,0.0,10.0,0
527.0,0.0,0.0,0.0,-0.33710691823899375,0
53.0,0.0,0.0,0.0,-0.8994307400379506,0
81.0,0.0,0.0,0.0,0.5283018867924529,0
82.0,0.0,0.0,0.0,0.012345679012345734,0
75.0,0.0,0.0,0.0,-0.08536585365853655,0
83.0,0.0,0.0,0.0,0.10666666666666669,0
70.0,0.0,0.0,0.0,-0.15662650602409633,0
82.0,0.0,0.0,0.0,0.17142857142857149,0
69.0,0.0,0.0,0.0,-0.1585365853658537,0
870.0,0.0,0.0,0.0,10.0,0
430.0,0.0,0.0,0.0,-0.5057471264367817,0
82.0,0.0,0.0,0.0,-0.8093023255813954,0
78.0,0.0,0.0,0.0,-0.04878048780487809,0
84.0,0.0,0.0,0.0,0.07692307692307687,0
66.0,0.0,0.0,0.0,-0.2142857142857143,0
86.0,0.0,0.0,0.0,0.303030303030303,0
69.0,0.0,0.0,0.0,-0.19767441860465118,0
79.0,0.0,0.0,0.0,0.14492753623188404,0
73.0,0.0,0.0,0.0,-0.07594936708860756,0
769.0,0.0,0.0,0.0,9.534246575342467,0
555.0,0.0,0.0,0.0,-0.2782834850455137,0
118.0,3.0,0.0,0.025423728813559324,-0.7873873873873873,0
42.0,0.0,0.0,0.0,-0.6440677966101696,0
61.0,0.0,0.0,0.0,0.45238095238095233,0
105.0,0.0,0.0,0.0,0.721311475409836,0
60.0,0.0,0.0,0.0,-0.4285714285714286,0
103.0,0.0,0.0,0.0,0.7166666666666666,0
63.0,0.0,0.0,0.0,-0.38834951456310685,0
103.0,0.0,0.0,0.0,0.6349206349206349,0
283.0,0.0,0.0,0.0,1.7475728155339807,0
1058.0,0.0,0.0,0.0,2.7385159010600706,0
202.0,0.0,0.0,0.0,-0.8090737240075614,0
1098.0,0.0,0.0,0.0,4.435643564356436,0
182.0,0.0,0.0,0.0,-0.8342440801457195,0
1118.0,0.0,0.0,0.0,5.142857142857143,0
173.0,0.0,0.0,0.0,-0.8452593917710197,0
1127.0,0.0,0.0,0.0,5.514450867052023,0
156.0,0.0,0.0,0.0,-0.8615794143744454,0
1144.0,0.0,0.0,0.0,6.333333333333333,0
156.0,0.0,0.0,0.0,-0.8636363636363636,0
1144.0,0.0,0.0,0.0,6.333333333333333,0
156.0,0.0,0.0,0.0,-0.8636363636363636,0
1144.0,0.0,0.0,0.0,6.333333333333333,0
156.0,0.0,0.0,0.0,-0.8636363636363636,0
1144.0,0.0,0.0,0.0,6.333333333333333,0
156.0,0.0,0.0,0.0,-0.8636363636363636,0
1144.0,0.0,0.0,0.0,6.333333333333333,0
152.0,0.0,0.0,0.0,-0.8671328671328671,0
1148.0,0.0,0.0,0.0,6.552631578947368,0
131.0,0.0,0.0,0.0,-0.8858885017421603,0
1169.0,0.0,0.0,0.0,7.923664122137405,0
130.0,0.0,0.0,0.0,-0.8887938408896493,0
1170.0,0.0,0.0,0.0,8.0,0
130.0,0.0,0.0,0.0,-0.8888888888888888,0
1170.0,0.0,0.0,0.0,8.0,0
130.0,0.0,0.0,0.0,-0.8888888888888888,0
1170.0,0.0,0.0,0.0,8.0,0
115.0,0.0,0.0,0.0,-0.9017094017094017,0
1185.0,0.0,0.0,0.0,9.304347826086957,0
89.0,0.0,0.0,0.0,-0.9248945147679325,0
1211.0,0.0,0.0,0.0,10.0,0
78.0,0.0,0.0,0.0,-0.935590421139554,0
1222.0,0.0,0.0,0.0,10.0,0
78.0,0.0,0.0,0.0,-0.9361702127659575,0
1222.0,0.0,0.0,0.0,10.0,0
78.0,0.0,0.0,0.0,-0.9361702127659575,0
1222.0,0.0,0.0,0.0,10.0,0
78.0,0.0,0.0,0.0,-0.9361702127659575,0
1222.0,0.0,0.0,0.0,10.0,0
78.0,0.0,0.0,0.0,-0.9361702127659575,0
1222.0,0.0,0.0,0.0,10.0,0
78.0,0.0,0.0,0.0,-0.9361702127659575,0
1222.0,0.0,0.0,0.0,10.0,0
30.0,0.0,0.0,0.0,-0.9754500818330606,0
1270.0,0.0,0.0,0.0,10.0,0
26.0,0.0,0.0,0.0,-0.9795275590551181,0
1274.0,0.0,0.0,0.0,10.0,0
26.0,0.0,0.0,0.0,-0.9795918367346939,0
1274.0,0.0,0.0,0.0,10.0,0
26.0,0.0,0.0,0.0,-0.9795918367346939,0
1274.0,0.0,0.0,0.0,10.0,0
2.0,0.0,0.0,0.0,-0.9984301412872841,0
1298.0,0.0,0.0,0.0,10.0,0
1300.0,0.0,0.0,0.0,0.0015408320493066618,0
1300.0,0.0,0.0,0.0,0.0,0
1300.0,0.0,0.0,0.0,0.0,0
1300.0,0.0,0.0,0.0,0.0,0
1300.0,0.0,0.0,0.0,0.0,0
1300.0,0.0,0.0,0.0,0.0,0
1300.0,0.0,0.0,0.0,0.0,0
1300.0,0.0,0.0,0.0,0.0,0
1300.0,0.0,0.0,0.0,0.0,0
1300.0,0.0,0.0,0.0,0.0,0
1300.0,0.0,0.0,0.0,0.0,0
1300.0,0.0,0.0,0.0,0.0,0
1300.0,0.0,0.0,0.0,0.0,0
1300.0,0.0,0.0,0.0,0.0,0
1300.0,0.0,0.0,0.0,0.0,0
1300.0,0.0,0.0,0.0,0.0,0
1300.0,0.0,0.0,0.0,0.0,0
1300.0,0.0,0.0,0.0,0.0,0
1300.0,0.0,0.0,0.0,0.0,0
1300.0,0.0,0.0,0.0,0.0,0
1300.0,0.0,0.0,0.0,0.0,0
1300.0,0.0,0.0,0.0,0.0,0
1300.0,0.0,0.0,0.0,0.0,0
1300.0,0.0,0.0,0.0,0.0,0
488.0,0.0,0.0,0.0,-0.6246153846153846,0
61.0,0.0,0.0,0.0,-0.875,0
99.0,0.0,0.0,0.0,0.6229508196721312,0
888.0,0.0,0.0,0.0,7.969696969696969,0
415.0,0.0,0.0,0.0,-0.5326576576576576,0
884.0,0.0,0.0,0.0,1.1301204819277109,0
416.0,0.0,0.0,0.0,-0.5294117647058824,0
884.0,0.0,0.0,0.0,1.125,0
408.0,0.0,0.0,0.0,-0.5384615384615384,0
892.0,0.0,0.0,0.0,1.1862745098039214,0
390.0,0.0,0.0,0.0,-0.5627802690582959,0
101.0,0.0,0.0,0.0,-0.7410256410256411,0
78.0,0.0,0.0,0.0,-0.2277227722772277,0
1136.0,0.0,0.0,0.0,10.0,0
180.0,0.0,0.0,0.0,-0.8415492957746479,0
1118.0,0.0,0.0,0.0,5.211111111111111,0
182.0,0.0,0.0,0.0,-0.8372093023255813,0
1118.0,0.0,0.0,0.0,5.142857142857143,0
182.0,0.0,0.0,0.0,-0.8372093023255813,0
1118.0,0.0,0.0,0.0,5.142857142857143,0
182.0,0.0,0.0,0.0,-0.8372093023255813,0
70.0,0.0,0.0,0.0,-0.6153846153846154,0
67.0,0.0,0.0,0.0,-0.042857142857142816,0
1114.0,0.0,0.0,0.0,10.0,0
206.0,0.0,0.0,0.0,-0.8150807899461401,0
1092.0,0.0,0.0,0.0,4.300970873786408,0
208.0,0.0,0.0,0.0,-0.8095238095238095,0
1092.0,0.0,0.0,0.0,4.25,0
208.0,0.0,0.0,0.0,-0.8095238095238095,0
1092.0,0.0,0.0,0.0,4.25,0
208.0,0.0,0.0,0.0,-0.8095238095238095,0
69.0,0.0,0.0,0.0,-0.6682692307692308,0
71.0,0.0,0.0,0.0,0.02898550724637672,0
1122.0,0.0,0.0,0.0,10.0,0
204.0,0.0,0.0,0.0,-0.8181818181818181,0
1076.0,0.0,0.0,0.0,4.2745098039215685,0
224.0,0.0,0.0,0.0,-0.79182156133829,0
1066.0,0.0,0.0,0.0,3.758928571428571,0
234.0,0.0,0.0,0.0,-0.7804878048780488,0
1066.0,0.0,0.0,0.0,3.5555555555555554,0
234.0,0.0,0.0,0.0,-0.7804878048780488,0
62.0,0.0,0.0,0.0,-0.7350427350427351,0
72.0,0.0,0.0,0.0,0.16129032258064524,0
944.0,0.0,0.0,0.0,10.0,0
393.0,0.0,0.0,0.0,-0.583686440677966,0
884.0,0.0,0.0,0.0,1.2493638676844783,0
416.0,0.0,0.0,0.0,-0.5294117647058824,0
884.0,0.0,0.0,0.0,1.125,0
416.0,0.0,0.0,0.0,-0.5294117647058824,0
884.0,0.0,0.0,0.0,1.125,0
416.0,0.0,0.0,0.0,-0.5294117647058824,0
49.0,0.0,0.0,0.0,-0.8822115384615384,0
77.0,0.0,0.0,0.0,0.5714285714285714,0
925.0,0.0,0.0,0.0,10.0,0
408.0,0.0,0.0,0.0,-0.558918918918919,0
868.0,0.0,0.0,0.0,1.1274509803921569,0
432.0,0.0,0.0,0.0,-0.5023041474654377,0
858.0,0.0,0.0,0.0,0.9861111111111112,0
442.0,0.0,0.0,0.0,-0.48484848484848486,0
858.0,0.0,0.0,0.0,0.9411764705882353,0
442.0,0.0,0.0,0.0,-0.48484848484848486,0
48.0,0.0,0.0,0.0,-0.8914027149321266,0
81.0,0.0,0.0,0.0,0.6875,0
777.0,0.0,0.0,0.0,8.592592592592593,0
556.0,0.0,0.0,0.0,-0.2844272844272844,0
728.0,0.0,0.0,0.0,0.3093525179856116,0
572.0,0.0,0.0,0.0,-0.2142857142857143,0
728.0,0.0,0.0,0.0,0.2727272727272727,0
572.0,0.0,0.0,0.0,-0.2142857142857143,0
728.0,0.0,0.0,0.0,0.2727272727272727,0
572.0,0.0,0.0,0.0,-0.2142857142857143,0
40.0,0.0,0.0,0.0,-0.9300699300699301,0
84.0,0.0,0.0,0.0,1.1,0
763.0,0.0,0.0,0.0,8.083333333333334,0
570.0,0.0,0.0,0.0,-0.25294888597640897,0
702.0,0.0,0.0,0.0,0.2315789473684211,0
598.0,0.0,0.0,0.0,-0.14814814814814814,0
702.0,0.0,0.0,0.0,0.17391304347826098,0
199.0,0.0,0.0,0.0,-0.7165242165242165,0
